image_id,pokemon_id,name,image,shiny
0001_妙蛙种子,0001,妙蛙种子,0001-妙蛙种子.png,0001-妙蛙种子-shiny.png
0002_妙蛙草,0002,妙蛙草,0002-妙蛙草.png,0002-妙蛙草-shiny.png
0003_妙蛙花-雄性,0003,妙蛙花-雄性,0003-妙蛙花-雄性.png,0003-妙蛙花-雄性-shiny.png
0003_妙蛙花-雌性,0003,妙蛙花-雌性,0003-妙蛙花-雌性.png,0003-妙蛙花-雌性-shiny.png
0003_妙蛙花-超级妙蛙花,0003,妙蛙花-超级妙蛙花,0003-妙蛙花-超级妙蛙花.png,0003-妙蛙花-超级妙蛙花-shiny.png
0003_妙蛙花-超极巨化,0003,妙蛙花-超极巨化,0003-妙蛙花-超极巨化.png,0003-妙蛙花-超极巨化-shiny.png
0004_小火龙,0004,小火龙,0004-小火龙.png,0004-小火龙-shiny.png
0005_火恐龙,0005,火恐龙,0005-火恐龙.png,0005-火恐龙-shiny.png
0006_喷火龙,0006,喷火龙,0006-喷火龙.png,0006-喷火龙-shiny.png
0006_喷火龙-超级喷火龙Ｘ,0006,喷火龙-超级喷火龙Ｘ,0006-喷火龙-超级喷火龙Ｘ.png,0006-喷火龙-超级喷火龙Ｘ-shiny.png
0006_喷火龙-超级喷火龙Ｙ,0006,喷火龙-超级喷火龙Ｙ,0006-喷火龙-超级喷火龙Ｙ.png,0006-喷火龙-超级喷火龙Ｙ-shiny.png
0006_喷火龙-超极巨化,0006,喷火龙-超极巨化,0006-喷火龙-超极巨化.png,0006-喷火龙-超极巨化-shiny.png
0007_杰尼龟,0007,杰尼龟,0007-杰尼龟.png,0007-杰尼龟-shiny.png
0008_卡咪龟,0008,卡咪龟,0008-卡咪龟.png,0008-卡咪龟-shiny.png
0009_水箭龟,0009,水箭龟,0009-水箭龟.png,0009-水箭龟-shiny.png
0009_水箭龟-超级水箭龟,0009,水箭龟-超级水箭龟,0009-水箭龟-超级水箭龟.png,0009-水箭龟-超级水箭龟-shiny.png
0009_水箭龟-超极巨化,0009,水箭龟-超极巨化,0009-水箭龟-超极巨化.png,0009-水箭龟-超极巨化-shiny.png
0010_绿毛虫,0010,绿毛虫,0010-绿毛虫.png,0010-绿毛虫-shiny.png
0011_铁甲蛹,0011,铁甲蛹,0011-铁甲蛹.png,0011-铁甲蛹-shiny.png
0012_巴大蝶-雄性,0012,巴大蝶-雄性,0012-巴大蝶-雄性.png,0012-巴大蝶-雄性-shiny.png
0012_巴大蝶-雌性,0012,巴大蝶-雌性,0012-巴大蝶-雌性.png,0012-巴大蝶-雌性-shiny.png
0012_巴大蝶-超极巨化,0012,巴大蝶-超极巨化,0012-巴大蝶-超极巨化.png,0012-巴大蝶-超极巨化-shiny.png
0013_独角虫,0013,独角虫,0013-独角虫.png,0013-独角虫-shiny.png
0014_铁壳蛹,0014,铁壳蛹,0014-铁壳蛹.png,0014-铁壳蛹-shiny.png
0015_大针蜂,0015,大针蜂,0015-大针蜂.png,0015-大针蜂-shiny.png
0015_大针蜂-超级大针蜂,0015,大针蜂-超级大针蜂,0015-大针蜂-超级大针蜂.png,0015-大针蜂-超级大针蜂-shiny.png
0016_波波,0016,波波,0016-波波.png,0016-波波-shiny.png
0017_比比鸟,0017,比比鸟,0017-比比鸟.png,0017-比比鸟-shiny.png
0018_大比鸟,0018,大比鸟,0018-大比鸟.png,0018-大比鸟-shiny.png
0018_大比鸟-超级大比鸟,0018,大比鸟-超级大比鸟,0018-大比鸟-超级大比鸟.png,0018-大比鸟-超级大比鸟-shiny.png
0019_小拉达-雄性,0019,小拉达-雄性,0019-小拉达-雄性.png,0019-小拉达-雄性-shiny.png
0019_小拉达-雌性,0019,小拉达-雌性,0019-小拉达-雌性.png,0019-小拉达-雌性-shiny.png
0019_小拉达-阿罗拉的样子,0019,小拉达-阿罗拉的样子,0019-小拉达-阿罗拉的样子.png,0019-小拉达-阿罗拉的样子-shiny.png
0020_拉达-雄性,0020,拉达-雄性,0020-拉达-雄性.png,0020-拉达-雄性-shiny.png
0020_拉达-雌性,0020,拉达-雌性,0020-拉达-雌性.png,0020-拉达-雌性-shiny.png
0020_拉达-阿罗拉的样子,0020,拉达-阿罗拉的样子,0020-拉达-阿罗拉的样子.png,0020-拉达-阿罗拉的样子-shiny.png
0021_烈雀,0021,烈雀,0021-烈雀.png,0021-烈雀-shiny.png
0022_大嘴雀,0022,大嘴雀,0022-大嘴雀.png,0022-大嘴雀-shiny.png
0023_阿柏蛇,0023,阿柏蛇,0023-阿柏蛇.png,0023-阿柏蛇-shiny.png
0024_阿柏怪,0024,阿柏怪,0024-阿柏怪.png,0024-阿柏怪-shiny.png
0025_皮卡丘-雄性,0025,皮卡丘-雄性,0025-皮卡丘-雄性.png,0025-皮卡丘-雄性-shiny.png
0025_皮卡丘-雌性,0025,皮卡丘-雌性,0025-皮卡丘-雌性.png,0025-皮卡丘-雌性-shiny.png
0025_皮卡丘-世界帽子,0025,皮卡丘-世界帽子,0025-皮卡丘-世界帽子.png,0025-皮卡丘-世界帽子-shiny.png
0025_皮卡丘-就决定是你了之帽子,0025,皮卡丘-就决定是你了之帽子,0025-皮卡丘-就决定是你了之帽子.png,0025-皮卡丘-就决定是你了之帽子-shiny.png
0025_皮卡丘-初始帽子,0025,皮卡丘-初始帽子,0025-皮卡丘-初始帽子.png,0025-皮卡丘-初始帽子-shiny.png
0025_皮卡丘-超极巨化,0025,皮卡丘-超极巨化,0025-皮卡丘-超极巨化.png,0025-皮卡丘-超极巨化-shiny.png
0025_皮卡丘-丰缘帽子,0025,皮卡丘-丰缘帽子,0025-皮卡丘-丰缘帽子.png,0025-皮卡丘-丰缘帽子-shiny.png
0025_皮卡丘-神奥帽子,0025,皮卡丘-神奥帽子,0025-皮卡丘-神奥帽子.png,0025-皮卡丘-神奥帽子-shiny.png
0025_皮卡丘-合众帽子,0025,皮卡丘-合众帽子,0025-皮卡丘-合众帽子.png,0025-皮卡丘-合众帽子-shiny.png
0025_皮卡丘-卡洛斯帽子,0025,皮卡丘-卡洛斯帽子,0025-皮卡丘-卡洛斯帽子.png,0025-皮卡丘-卡洛斯帽子-shiny.png
0025_皮卡丘-阿罗拉帽子,0025,皮卡丘-阿罗拉帽子,0025-皮卡丘-阿罗拉帽子.png,0025-皮卡丘-阿罗拉帽子-shiny.png
0026_雷丘-雄性,0026,雷丘-雄性,0026-雷丘-雄性.png,0026-雷丘-雄性-shiny.png
0026_雷丘-雌性,0026,雷丘-雌性,0026-雷丘-雌性.png,0026-雷丘-雌性-shiny.png
0026_雷丘-阿罗拉的样子,0026,雷丘-阿罗拉的样子,0026-雷丘-阿罗拉的样子.png,0026-雷丘-阿罗拉的样子-shiny.png
0027_穿山鼠,0027,穿山鼠,0027-穿山鼠.png,0027-穿山鼠-shiny.png
0027_穿山鼠-阿罗拉的样子,0027,穿山鼠-阿罗拉的样子,0027-穿山鼠-阿罗拉的样子.png,0027-穿山鼠-阿罗拉的样子-shiny.png
0028_穿山王,0028,穿山王,0028-穿山王.png,0028-穿山王-shiny.png
0028_穿山王-阿罗拉的样子,0028,穿山王-阿罗拉的样子,0028-穿山王-阿罗拉的样子.png,0028-穿山王-阿罗拉的样子-shiny.png
0029_尼多兰,0029,尼多兰,0029-尼多兰.png,0029-尼多兰-shiny.png
0030_尼多娜,0030,尼多娜,0030-尼多娜.png,0030-尼多娜-shiny.png
0031_尼多后,0031,尼多后,0031-尼多后.png,0031-尼多后-shiny.png
0032_尼多朗,0032,尼多朗,0032-尼多朗.png,0032-尼多朗-shiny.png
0033_尼多力诺,0033,尼多力诺,0033-尼多力诺.png,0033-尼多力诺-shiny.png
0034_尼多王,0034,尼多王,0034-尼多王.png,0034-尼多王-shiny.png
0035_皮皮,0035,皮皮,0035-皮皮.png,0035-皮皮-shiny.png
0036_皮可西,0036,皮可西,0036-皮可西.png,0036-皮可西-shiny.png
0037_六尾,0037,六尾,0037-六尾.png,0037-六尾-shiny.png
0037_六尾-阿罗拉的样子,0037,六尾-阿罗拉的样子,0037-六尾-阿罗拉的样子.png,0037-六尾-阿罗拉的样子-shiny.png
0038_九尾,0038,九尾,0038-九尾.png,0038-九尾-shiny.png
0038_九尾-阿罗拉的样子,0038,九尾-阿罗拉的样子,0038-九尾-阿罗拉的样子.png,0038-九尾-阿罗拉的样子-shiny.png
0039_胖丁,0039,胖丁,0039-胖丁.png,0039-胖丁-shiny.png
0040_胖可丁,0040,胖可丁,0040-胖可丁.png,0040-胖可丁-shiny.png
0041_超音蝠-雄性,0041,超音蝠-雄性,0041-超音蝠-雄性.png,0041-超音蝠-雄性-shiny.png
0041_超音蝠-雌性,0041,超音蝠-雌性,0041-超音蝠-雌性.png,0041-超音蝠-雌性-shiny.png
0042_大嘴蝠-雄性,0042,大嘴蝠-雄性,0042-大嘴蝠-雄性.png,0042-大嘴蝠-雄性-shiny.png
0042_大嘴蝠-雌性,0042,大嘴蝠-雌性,0042-大嘴蝠-雌性.png,0042-大嘴蝠-雌性-shiny.png
0043_走路草,0043,走路草,0043-走路草.png,0043-走路草-shiny.png
0044_臭臭花-雄性,0044,臭臭花-雄性,0044-臭臭花-雄性.png,0044-臭臭花-雄性-shiny.png
0044_臭臭花-雌性,0044,臭臭花-雌性,0044-臭臭花-雌性.png,0044-臭臭花-雌性-shiny.png
0045_霸王花-雄性,0045,霸王花-雄性,0045-霸王花-雄性.png,0045-霸王花-雄性-shiny.png
0045_霸王花-雌性,0045,霸王花-雌性,0045-霸王花-雌性.png,0045-霸王花-雌性-shiny.png
0046_派拉斯,0046,派拉斯,0046-派拉斯.png,0046-派拉斯-shiny.png
0047_派拉斯特,0047,派拉斯特,0047-派拉斯特.png,0047-派拉斯特-shiny.png
0048_毛球,0048,毛球,0048-毛球.png,0048-毛球-shiny.png
0049_摩鲁蛾,0049,摩鲁蛾,0049-摩鲁蛾.png,0049-摩鲁蛾-shiny.png
0050_地鼠,0050,地鼠,0050-地鼠.png,0050-地鼠-shiny.png
0050_地鼠-阿罗拉的样子,0050,地鼠-阿罗拉的样子,0050-地鼠-阿罗拉的样子.png,0050-地鼠-阿罗拉的样子-shiny.png
0051_三地鼠,0051,三地鼠,0051-三地鼠.png,0051-三地鼠-shiny.png
0051_三地鼠-阿罗拉的样子,0051,三地鼠-阿罗拉的样子,0051-三地鼠-阿罗拉的样子.png,0051-三地鼠-阿罗拉的样子-shiny.png
0052_喵喵,0052,喵喵,0052-喵喵.png,0052-喵喵-shiny.png
0052_喵喵-阿罗拉的样子,0052,喵喵-阿罗拉的样子,0052-喵喵-阿罗拉的样子.png,0052-喵喵-阿罗拉的样子-shiny.png
0052_喵喵-伽勒尔的样子,0052,喵喵-伽勒尔的样子,0052-喵喵-伽勒尔的样子.png,0052-喵喵-伽勒尔的样子-shiny.png
0052_喵喵-超极巨化,0052,喵喵-超极巨化,0052-喵喵-超极巨化.png,0052-喵喵-超极巨化-shiny.png
0053_猫老大,0053,猫老大,0053-猫老大.png,0053-猫老大-shiny.png
0053_猫老大-阿罗拉的样子,0053,猫老大-阿罗拉的样子,0053-猫老大-阿罗拉的样子.png,0053-猫老大-阿罗拉的样子-shiny.png
0054_可达鸭,0054,可达鸭,0054-可达鸭.png,0054-可达鸭-shiny.png
0055_哥达鸭,0055,哥达鸭,0055-哥达鸭.png,0055-哥达鸭-shiny.png
0056_猴怪,0056,猴怪,0056-猴怪.png,0056-猴怪-shiny.png
0057_火暴猴,0057,火暴猴,0057-火暴猴.png,0057-火暴猴-shiny.png
0058_卡蒂狗,0058,卡蒂狗,0058-卡蒂狗.png,0058-卡蒂狗-shiny.png
0058_卡蒂狗-洗翠的样子,0058,卡蒂狗-洗翠的样子,0058-卡蒂狗-洗翠的样子.png,0058-卡蒂狗-洗翠的样子-shiny.png
0059_风速狗,0059,风速狗,0059-风速狗.png,0059-风速狗-shiny.png
0059_风速狗-洗翠的样子,0059,风速狗-洗翠的样子,0059-风速狗-洗翠的样子.png,0059-风速狗-洗翠的样子-shiny.png
0060_蚊香蝌蚪,0060,蚊香蝌蚪,0060-蚊香蝌蚪.png,0060-蚊香蝌蚪-shiny.png
0061_蚊香君,0061,蚊香君,0061-蚊香君.png,0061-蚊香君-shiny.png
0062_蚊香泳士,0062,蚊香泳士,0062-蚊香泳士.png,0062-蚊香泳士-shiny.png
0063_凯西,0063,凯西,0063-凯西.png,0063-凯西-shiny.png
0064_勇基拉-雄性,0064,勇基拉-雄性,0064-勇基拉-雄性.png,0064-勇基拉-雄性-shiny.png
0064_勇基拉-雌性,0064,勇基拉-雌性,0064-勇基拉-雌性.png,0064-勇基拉-雌性-shiny.png
0065_胡地-雄性,0065,胡地-雄性,0065-胡地-雄性.png,0065-胡地-雄性-shiny.png
0065_胡地-雌性,0065,胡地-雌性,0065-胡地-雌性.png,0065-胡地-雌性-shiny.png
0065_胡地-超级胡地,0065,胡地-超级胡地,0065-胡地-超级胡地.png,0065-胡地-超级胡地-shiny.png
0066_腕力,0066,腕力,0066-腕力.png,0066-腕力-shiny.png
0067_豪力,0067,豪力,0067-豪力.png,0067-豪力-shiny.png
0068_怪力,0068,怪力,0068-怪力.png,0068-怪力-shiny.png
0068_怪力-超极巨化,0068,怪力-超极巨化,0068-怪力-超极巨化.png,0068-怪力-超极巨化-shiny.png
0069_喇叭芽,0069,喇叭芽,0069-喇叭芽.png,0069-喇叭芽-shiny.png
0070_口呆花,0070,口呆花,0070-口呆花.png,0070-口呆花-shiny.png
0071_大食花,0071,大食花,0071-大食花.png,0071-大食花-shiny.png
0072_玛瑙水母,0072,玛瑙水母,0072-玛瑙水母.png,0072-玛瑙水母-shiny.png
0073_毒刺水母,0073,毒刺水母,0073-毒刺水母.png,0073-毒刺水母-shiny.png
0074_小拳石,0074,小拳石,0074-小拳石.png,0074-小拳石-shiny.png
0074_小拳石-阿罗拉的样子,0074,小拳石-阿罗拉的样子,0074-小拳石-阿罗拉的样子.png,0074-小拳石-阿罗拉的样子-shiny.png
0075_隆隆石,0075,隆隆石,0075-隆隆石.png,0075-隆隆石-shiny.png
0075_隆隆石-阿罗拉的样子,0075,隆隆石-阿罗拉的样子,0075-隆隆石-阿罗拉的样子.png,0075-隆隆石-阿罗拉的样子-shiny.png
0076_隆隆岩,0076,隆隆岩,0076-隆隆岩.png,0076-隆隆岩-shiny.png
0076_隆隆岩-阿罗拉的样子,0076,隆隆岩-阿罗拉的样子,0076-隆隆岩-阿罗拉的样子.png,0076-隆隆岩-阿罗拉的样子-shiny.png
0077_小火马,0077,小火马,0077-小火马.png,0077-小火马-shiny.png
0077_小火马-伽勒尔的样子,0077,小火马-伽勒尔的样子,0077-小火马-伽勒尔的样子.png,0077-小火马-伽勒尔的样子-shiny.png
0078_烈焰马,0078,烈焰马,0078-烈焰马.png,0078-烈焰马-shiny.png
0078_烈焰马-伽勒尔的样子,0078,烈焰马-伽勒尔的样子,0078-烈焰马-伽勒尔的样子.png,0078-烈焰马-伽勒尔的样子-shiny.png
0079_呆呆兽,0079,呆呆兽,0079-呆呆兽.png,0079-呆呆兽-shiny.png
0079_呆呆兽-伽勒尔的样子,0079,呆呆兽-伽勒尔的样子,0079-呆呆兽-伽勒尔的样子.png,0079-呆呆兽-伽勒尔的样子-shiny.png
0080_呆壳兽,0080,呆壳兽,0080-呆壳兽.png,0080-呆壳兽-shiny.png
0080_呆壳兽-伽勒尔的样子,0080,呆壳兽-伽勒尔的样子,0080-呆壳兽-伽勒尔的样子.png,0080-呆壳兽-伽勒尔的样子-shiny.png
0080_呆壳兽-超级呆壳兽,0080,呆壳兽-超级呆壳兽,0080-呆壳兽-超级呆壳兽.png,0080-呆壳兽-超级呆壳兽-shiny.png
0081_小磁怪,0081,小磁怪,0081-小磁怪.png,0081-小磁怪-shiny.png
0082_三合一磁怪,0082,三合一磁怪,0082-三合一磁怪.png,0082-三合一磁怪-shiny.png
0083_大葱鸭,0083,大葱鸭,0083-大葱鸭.png,0083-大葱鸭-shiny.png
0083_大葱鸭-伽勒尔的样子,0083,大葱鸭-伽勒尔的样子,0083-大葱鸭-伽勒尔的样子.png,0083-大葱鸭-伽勒尔的样子-shiny.png
0084_嘟嘟-雄性,0084,嘟嘟-雄性,0084-嘟嘟-雄性.png,0084-嘟嘟-雄性-shiny.png
0084_嘟嘟-雌性,0084,嘟嘟-雌性,0084-嘟嘟-雌性.png,0084-嘟嘟-雌性-shiny.png
0085_嘟嘟利-雄性,0085,嘟嘟利-雄性,0085-嘟嘟利-雄性.png,0085-嘟嘟利-雄性-shiny.png
0085_嘟嘟利-雌性,0085,嘟嘟利-雌性,0085-嘟嘟利-雌性.png,0085-嘟嘟利-雌性-shiny.png
0086_小海狮,0086,小海狮,0086-小海狮.png,0086-小海狮-shiny.png
0087_白海狮,0087,白海狮,0087-白海狮.png,0087-白海狮-shiny.png
0088_臭泥,0088,臭泥,0088-臭泥.png,0088-臭泥-shiny.png
0088_臭泥-阿罗拉的样子,0088,臭泥-阿罗拉的样子,0088-臭泥-阿罗拉的样子.png,0088-臭泥-阿罗拉的样子-shiny.png
0089_臭臭泥,0089,臭臭泥,0089-臭臭泥.png,0089-臭臭泥-shiny.png
0089_臭臭泥-阿罗拉的样子,0089,臭臭泥-阿罗拉的样子,0089-臭臭泥-阿罗拉的样子.png,0089-臭臭泥-阿罗拉的样子-shiny.png
0090_大舌贝,0090,大舌贝,0090-大舌贝.png,0090-大舌贝-shiny.png
0091_刺甲贝,0091,刺甲贝,0091-刺甲贝.png,0091-刺甲贝-shiny.png
0092_鬼斯,0092,鬼斯,0092-鬼斯.png,0092-鬼斯-shiny.png
0093_鬼斯通,0093,鬼斯通,0093-鬼斯通.png,0093-鬼斯通-shiny.png
0094_耿鬼,0094,耿鬼,0094-耿鬼.png,0094-耿鬼-shiny.png
0094_耿鬼-超级耿鬼,0094,耿鬼-超级耿鬼,0094-耿鬼-超级耿鬼.png,0094-耿鬼-超级耿鬼-shiny.png
0094_耿鬼-超极巨化,0094,耿鬼-超极巨化,0094-耿鬼-超极巨化.png,0094-耿鬼-超极巨化-shiny.png
0095_大岩蛇,0095,大岩蛇,0095-大岩蛇.png,0095-大岩蛇-shiny.png
0096_催眠貘,0096,催眠貘,0096-催眠貘.png,0096-催眠貘-shiny.png
0097_引梦貘人-雄性,0097,引梦貘人-雄性,0097-引梦貘人-雄性.png,0097-引梦貘人-雄性-shiny.png
0097_引梦貘人-雌性,0097,引梦貘人-雌性,0097-引梦貘人-雌性.png,0097-引梦貘人-雌性-shiny.png
0098_大钳蟹,0098,大钳蟹,0098-大钳蟹.png,0098-大钳蟹-shiny.png
0099_巨钳蟹,0099,巨钳蟹,0099-巨钳蟹.png,0099-巨钳蟹-shiny.png
0099_巨钳蟹-超极巨化,0099,巨钳蟹-超极巨化,0099-巨钳蟹-超极巨化.png,0099-巨钳蟹-超极巨化-shiny.png
0100_霹雳电球,0100,霹雳电球,0100-霹雳电球.png,0100-霹雳电球-shiny.png
0100_霹雳电球-洗翠的样子,0100,霹雳电球-洗翠的样子,0100-霹雳电球-洗翠的样子.png,0100-霹雳电球-洗翠的样子-shiny.png
0101_顽皮雷弹,0101,顽皮雷弹,0101-顽皮雷弹.png,0101-顽皮雷弹-shiny.png
0101_顽皮雷弹-洗翠的样子,0101,顽皮雷弹-洗翠的样子,0101-顽皮雷弹-洗翠的样子.png,0101-顽皮雷弹-洗翠的样子-shiny.png
0102_蛋蛋,0102,蛋蛋,0102-蛋蛋.png,0102-蛋蛋-shiny.png
0103_椰蛋树,0103,椰蛋树,0103-椰蛋树.png,0103-椰蛋树-shiny.png
0103_椰蛋树-阿罗拉的样子,0103,椰蛋树-阿罗拉的样子,0103-椰蛋树-阿罗拉的样子.png,0103-椰蛋树-阿罗拉的样子-shiny.png
0104_卡拉卡拉,0104,卡拉卡拉,0104-卡拉卡拉.png,0104-卡拉卡拉-shiny.png
0105_嘎啦嘎啦,0105,嘎啦嘎啦,0105-嘎啦嘎啦.png,0105-嘎啦嘎啦-shiny.png
0105_嘎啦嘎啦-阿罗拉的样子,0105,嘎啦嘎啦-阿罗拉的样子,0105-嘎啦嘎啦-阿罗拉的样子.png,0105-嘎啦嘎啦-阿罗拉的样子-shiny.png
0106_飞腿郎,0106,飞腿郎,0106-飞腿郎.png,0106-飞腿郎-shiny.png
0107_快拳郎,0107,快拳郎,0107-快拳郎.png,0107-快拳郎-shiny.png
0108_大舌头,0108,大舌头,0108-大舌头.png,0108-大舌头-shiny.png
0109_瓦斯弹,0109,瓦斯弹,0109-瓦斯弹.png,0109-瓦斯弹-shiny.png
0110_双弹瓦斯,0110,双弹瓦斯,0110-双弹瓦斯.png,0110-双弹瓦斯-shiny.png
0110_双弹瓦斯-伽勒尔的样子,0110,双弹瓦斯-伽勒尔的样子,0110-双弹瓦斯-伽勒尔的样子.png,0110-双弹瓦斯-伽勒尔的样子-shiny.png
0111_独角犀牛-雄性,0111,独角犀牛-雄性,0111-独角犀牛-雄性.png,0111-独角犀牛-雄性-shiny.png
0111_独角犀牛-雌性,0111,独角犀牛-雌性,0111-独角犀牛-雌性.png,0111-独角犀牛-雌性-shiny.png
0112_钻角犀兽-雄性,0112,钻角犀兽-雄性,0112-钻角犀兽-雄性.png,0112-钻角犀兽-雄性-shiny.png
0112_钻角犀兽-雌性,0112,钻角犀兽-雌性,0112-钻角犀兽-雌性.png,0112-钻角犀兽-雌性-shiny.png
0113_吉利蛋,0113,吉利蛋,0113-吉利蛋.png,0113-吉利蛋-shiny.png
0114_蔓藤怪,0114,蔓藤怪,0114-蔓藤怪.png,0114-蔓藤怪-shiny.png
0115_袋兽,0115,袋兽,0115-袋兽.png,0115-袋兽-shiny.png
0115_袋兽-超级袋兽,0115,袋兽-超级袋兽,0115-袋兽-超级袋兽.png,0115-袋兽-超级袋兽-shiny.png
0116_墨海马,0116,墨海马,0116-墨海马.png,0116-墨海马-shiny.png
0117_海刺龙,0117,海刺龙,0117-海刺龙.png,0117-海刺龙-shiny.png
0118_角金鱼-雄性,0118,角金鱼-雄性,0118-角金鱼-雄性.png,0118-角金鱼-雄性-shiny.png
0118_角金鱼-雌性,0118,角金鱼-雌性,0118-角金鱼-雌性.png,0118-角金鱼-雌性-shiny.png
0119_金鱼王-雄性,0119,金鱼王-雄性,0119-金鱼王-雄性.png,0119-金鱼王-雄性-shiny.png
0119_金鱼王-雌性,0119,金鱼王-雌性,0119-金鱼王-雌性.png,0119-金鱼王-雌性-shiny.png
0120_海星星,0120,海星星,0120-海星星.png,0120-海星星-shiny.png
0121_宝石海星,0121,宝石海星,0121-宝石海星.png,0121-宝石海星-shiny.png
0122_魔墙人偶,0122,魔墙人偶,0122-魔墙人偶.png,0122-魔墙人偶-shiny.png
0122_魔墙人偶-伽勒尔的样子,0122,魔墙人偶-伽勒尔的样子,0122-魔墙人偶-伽勒尔的样子.png,0122-魔墙人偶-伽勒尔的样子-shiny.png
0123_飞天螳螂-雄性,0123,飞天螳螂-雄性,0123-飞天螳螂-雄性.png,0123-飞天螳螂-雄性-shiny.png
0123_飞天螳螂-雌性,0123,飞天螳螂-雌性,0123-飞天螳螂-雌性.png,0123-飞天螳螂-雌性-shiny.png
0124_迷唇姐,0124,迷唇姐,0124-迷唇姐.png,0124-迷唇姐-shiny.png
0125_电击兽,0125,电击兽,0125-电击兽.png,0125-电击兽-shiny.png
0126_鸭嘴火兽,0126,鸭嘴火兽,0126-鸭嘴火兽.png,0126-鸭嘴火兽-shiny.png
0127_凯罗斯,0127,凯罗斯,0127-凯罗斯.png,0127-凯罗斯-shiny.png
0127_凯罗斯-超级凯罗斯,0127,凯罗斯-超级凯罗斯,0127-凯罗斯-超级凯罗斯.png,0127-凯罗斯-超级凯罗斯-shiny.png
0128_肯泰罗,0128,肯泰罗,0128-肯泰罗.png,0128-肯泰罗-shiny.png
0128_肯泰罗-帕底亚的样子（斗战种）,0128,肯泰罗-帕底亚的样子（斗战种）,0128-肯泰罗-帕底亚的样子（斗战种）.png,0128-肯泰罗-帕底亚的样子（斗战种）-shiny.png
0128_肯泰罗-帕底亚的样子（火炽种）,0128,肯泰罗-帕底亚的样子（火炽种）,0128-肯泰罗-帕底亚的样子（火炽种）.png,0128-肯泰罗-帕底亚的样子（火炽种）-shiny.png
0128_肯泰罗-帕底亚的样子（水澜种）,0128,肯泰罗-帕底亚的样子（水澜种）,0128-肯泰罗-帕底亚的样子（水澜种）.png,0128-肯泰罗-帕底亚的样子（水澜种）-shiny.png
0129_鲤鱼王-雄性,0129,鲤鱼王-雄性,0129-鲤鱼王-雄性.png,0129-鲤鱼王-雄性-shiny.png
0129_鲤鱼王-雌性,0129,鲤鱼王-雌性,0129-鲤鱼王-雌性.png,0129-鲤鱼王-雌性-shiny.png
0130_暴鲤龙-雄性,0130,暴鲤龙-雄性,0130-暴鲤龙-雄性.png,0130-暴鲤龙-雄性-shiny.png
0130_暴鲤龙-雌性,0130,暴鲤龙-雌性,0130-暴鲤龙-雌性.png,0130-暴鲤龙-雌性-shiny.png
0130_暴鲤龙-超级暴鲤龙,0130,暴鲤龙-超级暴鲤龙,0130-暴鲤龙-超级暴鲤龙.png,0130-暴鲤龙-超级暴鲤龙-shiny.png
0131_拉普拉斯,0131,拉普拉斯,0131-拉普拉斯.png,0131-拉普拉斯-shiny.png
0131_拉普拉斯-超极巨化,0131,拉普拉斯-超极巨化,0131-拉普拉斯-超极巨化.png,0131-拉普拉斯-超极巨化-shiny.png
0132_百变怪,0132,百变怪,0132-百变怪.png,0132-百变怪-shiny.png
0133_伊布-雄性,0133,伊布-雄性,0133-伊布-雄性.png,0133-伊布-雄性-shiny.png
0133_伊布-雌性,0133,伊布-雌性,0133-伊布-雌性.png,0133-伊布-雌性-shiny.png
0133_伊布-超极巨化,0133,伊布-超极巨化,0133-伊布-超极巨化.png,0133-伊布-超极巨化-shiny.png
0134_水伊布,0134,水伊布,0134-水伊布.png,0134-水伊布-shiny.png
0135_雷伊布,0135,雷伊布,0135-雷伊布.png,0135-雷伊布-shiny.png
0136_火伊布,0136,火伊布,0136-火伊布.png,0136-火伊布-shiny.png
0137_多边兽,0137,多边兽,0137-多边兽.png,0137-多边兽-shiny.png
0138_菊石兽,0138,菊石兽,0138-菊石兽.png,0138-菊石兽-shiny.png
0139_多刺菊石兽,0139,多刺菊石兽,0139-多刺菊石兽.png,0139-多刺菊石兽-shiny.png
0140_化石盔,0140,化石盔,0140-化石盔.png,0140-化石盔-shiny.png
0141_镰刀盔,0141,镰刀盔,0141-镰刀盔.png,0141-镰刀盔-shiny.png
0142_化石翼龙,0142,化石翼龙,0142-化石翼龙.png,0142-化石翼龙-shiny.png
0142_化石翼龙-超级化石翼龙,0142,化石翼龙-超级化石翼龙,0142-化石翼龙-超级化石翼龙.png,0142-化石翼龙-超级化石翼龙-shiny.png
0143_卡比兽,0143,卡比兽,0143-卡比兽.png,0143-卡比兽-shiny.png
0143_卡比兽-超极巨化,0143,卡比兽-超极巨化,0143-卡比兽-超极巨化.png,0143-卡比兽-超极巨化-shiny.png
0144_急冻鸟,0144,急冻鸟,0144-急冻鸟.png,0144-急冻鸟-shiny.png
0144_急冻鸟-伽勒尔的样子,0144,急冻鸟-伽勒尔的样子,0144-急冻鸟-伽勒尔的样子.png,0144-急冻鸟-伽勒尔的样子-shiny.png
0145_闪电鸟,0145,闪电鸟,0145-闪电鸟.png,0145-闪电鸟-shiny.png
0145_闪电鸟-伽勒尔的样子,0145,闪电鸟-伽勒尔的样子,0145-闪电鸟-伽勒尔的样子.png,0145-闪电鸟-伽勒尔的样子-shiny.png
0146_火焰鸟,0146,火焰鸟,0146-火焰鸟.png,0146-火焰鸟-shiny.png
0146_火焰鸟-伽勒尔的样子,0146,火焰鸟-伽勒尔的样子,0146-火焰鸟-伽勒尔的样子.png,0146-火焰鸟-伽勒尔的样子-shiny.png
0147_迷你龙,0147,迷你龙,0147-迷你龙.png,0147-迷你龙-shiny.png
0148_哈克龙,0148,哈克龙,0148-哈克龙.png,0148-哈克龙-shiny.png
0149_快龙,0149,快龙,0149-快龙.png,0149-快龙-shiny.png
0150_超梦,0150,超梦,0150-超梦.png,0150-超梦-shiny.png
0150_超梦-超级超梦Ｘ,0150,超梦-超级超梦Ｘ,0150-超梦-超级超梦Ｘ.png,0150-超梦-超级超梦Ｘ-shiny.png
0150_超梦-超级超梦Ｙ,0150,超梦-超级超梦Ｙ,0150-超梦-超级超梦Ｙ.png,0150-超梦-超级超梦Ｙ-shiny.png
0151_梦幻,0151,梦幻,0151-梦幻.png,0151-梦幻-shiny.png
0152_菊草叶,0152,菊草叶,0152-菊草叶.png,0152-菊草叶-shiny.png
0153_月桂叶,0153,月桂叶,0153-月桂叶.png,0153-月桂叶-shiny.png
0154_大竺葵-雄性,0154,大竺葵-雄性,0154-大竺葵-雄性.png,0154-大竺葵-雄性-shiny.png
0154_大竺葵-雌性,0154,大竺葵-雌性,0154-大竺葵-雌性.png,0154-大竺葵-雌性-shiny.png
0155_火球鼠,0155,火球鼠,0155-火球鼠.png,0155-火球鼠-shiny.png
0156_火岩鼠,0156,火岩鼠,0156-火岩鼠.png,0156-火岩鼠-shiny.png
0157_火暴兽,0157,火暴兽,0157-火暴兽.png,0157-火暴兽-shiny.png
0157_火暴兽-洗翠的样子,0157,火暴兽-洗翠的样子,0157-火暴兽-洗翠的样子.png,0157-火暴兽-洗翠的样子-shiny.png
0158_小锯鳄,0158,小锯鳄,0158-小锯鳄.png,0158-小锯鳄-shiny.png
0159_蓝鳄,0159,蓝鳄,0159-蓝鳄.png,0159-蓝鳄-shiny.png
0160_大力鳄,0160,大力鳄,0160-大力鳄.png,0160-大力鳄-shiny.png
0161_尾立,0161,尾立,0161-尾立.png,0161-尾立-shiny.png
0162_大尾立,0162,大尾立,0162-大尾立.png,0162-大尾立-shiny.png
0163_咕咕,0163,咕咕,0163-咕咕.png,0163-咕咕-shiny.png
0164_猫头夜鹰,0164,猫头夜鹰,0164-猫头夜鹰.png,0164-猫头夜鹰-shiny.png
0165_芭瓢虫-雄性,0165,芭瓢虫-雄性,0165-芭瓢虫-雄性.png,0165-芭瓢虫-雄性-shiny.png
0165_芭瓢虫-雌性,0165,芭瓢虫-雌性,0165-芭瓢虫-雌性.png,0165-芭瓢虫-雌性-shiny.png
0166_安瓢虫-雄性,0166,安瓢虫-雄性,0166-安瓢虫-雄性.png,0166-安瓢虫-雄性-shiny.png
0166_安瓢虫-雌性,0166,安瓢虫-雌性,0166-安瓢虫-雌性.png,0166-安瓢虫-雌性-shiny.png
0167_圆丝蛛,0167,圆丝蛛,0167-圆丝蛛.png,0167-圆丝蛛-shiny.png
0168_阿利多斯,0168,阿利多斯,0168-阿利多斯.png,0168-阿利多斯-shiny.png
0169_叉字蝠,0169,叉字蝠,0169-叉字蝠.png,0169-叉字蝠-shiny.png
0170_灯笼鱼,0170,灯笼鱼,0170-灯笼鱼.png,0170-灯笼鱼-shiny.png
0171_电灯怪,0171,电灯怪,0171-电灯怪.png,0171-电灯怪-shiny.png
0172_皮丘,0172,皮丘,0172-皮丘.png,0172-皮丘-shiny.png
0173_皮宝宝,0173,皮宝宝,0173-皮宝宝.png,0173-皮宝宝-shiny.png
0174_宝宝丁,0174,宝宝丁,0174-宝宝丁.png,0174-宝宝丁-shiny.png
0175_波克比,0175,波克比,0175-波克比.png,0175-波克比-shiny.png
0176_波克基古,0176,波克基古,0176-波克基古.png,0176-波克基古-shiny.png
0177_天然雀,0177,天然雀,0177-天然雀.png,0177-天然雀-shiny.png
0178_天然鸟-雄性,0178,天然鸟-雄性,0178-天然鸟-雄性.png,0178-天然鸟-雄性-shiny.png
0178_天然鸟-雌性,0178,天然鸟-雌性,0178-天然鸟-雌性.png,0178-天然鸟-雌性-shiny.png
0179_咩利羊,0179,咩利羊,0179-咩利羊.png,0179-咩利羊-shiny.png
0180_茸茸羊,0180,茸茸羊,0180-茸茸羊.png,0180-茸茸羊-shiny.png
0181_电龙,0181,电龙,0181-电龙.png,0181-电龙-shiny.png
0181_电龙-超级电龙,0181,电龙-超级电龙,0181-电龙-超级电龙.png,0181-电龙-超级电龙-shiny.png
0182_美丽花,0182,美丽花,0182-美丽花.png,0182-美丽花-shiny.png
0183_玛力露,0183,玛力露,0183-玛力露.png,0183-玛力露-shiny.png
0184_玛力露丽,0184,玛力露丽,0184-玛力露丽.png,0184-玛力露丽-shiny.png
0185_树才怪-雄性,0185,树才怪-雄性,0185-树才怪-雄性.png,0185-树才怪-雄性-shiny.png
0185_树才怪-雌性,0185,树才怪-雌性,0185-树才怪-雌性.png,0185-树才怪-雌性-shiny.png
0186_蚊香蛙皇-雄性,0186,蚊香蛙皇-雄性,0186-蚊香蛙皇-雄性.png,0186-蚊香蛙皇-雄性-shiny.png
0186_蚊香蛙皇-雌性,0186,蚊香蛙皇-雌性,0186-蚊香蛙皇-雌性.png,0186-蚊香蛙皇-雌性-shiny.png
0187_毽子草,0187,毽子草,0187-毽子草.png,0187-毽子草-shiny.png
0188_毽子花,0188,毽子花,0188-毽子花.png,0188-毽子花-shiny.png
0189_毽子棉,0189,毽子棉,0189-毽子棉.png,0189-毽子棉-shiny.png
0190_长尾怪手-雄性,0190,长尾怪手-雄性,0190-长尾怪手-雄性.png,0190-长尾怪手-雄性-shiny.png
0190_长尾怪手-雌性,0190,长尾怪手-雌性,0190-长尾怪手-雌性.png,0190-长尾怪手-雌性-shiny.png
0191_向日种子,0191,向日种子,0191-向日种子.png,0191-向日种子-shiny.png
0192_向日花怪,0192,向日花怪,0192-向日花怪.png,0192-向日花怪-shiny.png
0193_蜻蜻蜓,0193,蜻蜻蜓,0193-蜻蜻蜓.png,0193-蜻蜻蜓-shiny.png
0194_乌波-雄性,0194,乌波-雄性,0194-乌波-雄性.png,0194-乌波-雄性-shiny.png
0194_乌波-雌性,0194,乌波-雌性,0194-乌波-雌性.png,0194-乌波-雌性-shiny.png
0194_乌波-帕底亚的样子,0194,乌波-帕底亚的样子,0194-乌波-帕底亚的样子.png,0194-乌波-帕底亚的样子-shiny.png
0195_沼王-雄性,0195,沼王-雄性,0195-沼王-雄性.png,0195-沼王-雄性-shiny.png
0195_沼王-雌性,0195,沼王-雌性,0195-沼王-雌性.png,0195-沼王-雌性-shiny.png
0196_太阳伊布,0196,太阳伊布,0196-太阳伊布.png,0196-太阳伊布-shiny.png
0197_月亮伊布,0197,月亮伊布,0197-月亮伊布.png,0197-月亮伊布-shiny.png
0198_黑暗鸦-雄性,0198,黑暗鸦-雄性,0198-黑暗鸦-雄性.png,0198-黑暗鸦-雄性-shiny.png
0198_黑暗鸦-雌性,0198,黑暗鸦-雌性,0198-黑暗鸦-雌性.png,0198-黑暗鸦-雌性-shiny.png
0199_呆呆王,0199,呆呆王,0199-呆呆王.png,0199-呆呆王-shiny.png
0199_呆呆王-伽勒尔的样子,0199,呆呆王-伽勒尔的样子,0199-呆呆王-伽勒尔的样子.png,0199-呆呆王-伽勒尔的样子-shiny.png
0200_梦妖,0200,梦妖,0200-梦妖.png,0200-梦妖-shiny.png
0201_未知图腾-（A）,0201,未知图腾-（A）,0201-未知图腾-（A）.png,0201-未知图腾-（A）-shiny.png
0201_未知图腾-（B）,0201,未知图腾-（B）,0201-未知图腾-（B）.png,0201-未知图腾-（B）-shiny.png
0201_未知图腾-（C）,0201,未知图腾-（C）,0201-未知图腾-（C）.png,0201-未知图腾-（C）-shiny.png
0201_未知图腾-（D）,0201,未知图腾-（D）,0201-未知图腾-（D）.png,0201-未知图腾-（D）-shiny.png
0201_未知图腾-（E）,0201,未知图腾-（E）,0201-未知图腾-（E）.png,0201-未知图腾-（E）-shiny.png
0201_未知图腾-（F）,0201,未知图腾-（F）,0201-未知图腾-（F）.png,0201-未知图腾-（F）-shiny.png
0201_未知图腾-（G）,0201,未知图腾-（G）,0201-未知图腾-（G）.png,0201-未知图腾-（G）-shiny.png
0201_未知图腾-（H）,0201,未知图腾-（H）,0201-未知图腾-（H）.png,0201-未知图腾-（H）-shiny.png
0201_未知图腾-（I）,0201,未知图腾-（I）,0201-未知图腾-（I）.png,0201-未知图腾-（I）-shiny.png
0201_未知图腾-（J）,0201,未知图腾-（J）,0201-未知图腾-（J）.png,0201-未知图腾-（J）-shiny.png
0201_未知图腾-（K）,0201,未知图腾-（K）,0201-未知图腾-（K）.png,0201-未知图腾-（K）-shiny.png
0201_未知图腾-（L）,0201,未知图腾-（L）,0201-未知图腾-（L）.png,0201-未知图腾-（L）-shiny.png
0201_未知图腾-（M）,0201,未知图腾-（M）,0201-未知图腾-（M）.png,0201-未知图腾-（M）-shiny.png
0201_未知图腾-（N）,0201,未知图腾-（N）,0201-未知图腾-（N）.png,0201-未知图腾-（N）-shiny.png
0201_未知图腾-（O）,0201,未知图腾-（O）,0201-未知图腾-（O）.png,0201-未知图腾-（O）-shiny.png
0201_未知图腾-（P）,0201,未知图腾-（P）,0201-未知图腾-（P）.png,0201-未知图腾-（P）-shiny.png
0201_未知图腾-（Q）,0201,未知图腾-（Q）,0201-未知图腾-（Q）.png,0201-未知图腾-（Q）-shiny.png
0201_未知图腾-（R）,0201,未知图腾-（R）,0201-未知图腾-（R）.png,0201-未知图腾-（R）-shiny.png
0201_未知图腾-（S）,0201,未知图腾-（S）,0201-未知图腾-（S）.png,0201-未知图腾-（S）-shiny.png
0201_未知图腾-（T）,0201,未知图腾-（T）,0201-未知图腾-（T）.png,0201-未知图腾-（T）-shiny.png
0201_未知图腾-（U）,0201,未知图腾-（U）,0201-未知图腾-（U）.png,0201-未知图腾-（U）-shiny.png
0201_未知图腾-（V）,0201,未知图腾-（V）,0201-未知图腾-（V）.png,0201-未知图腾-（V）-shiny.png
0201_未知图腾-（W）,0201,未知图腾-（W）,0201-未知图腾-（W）.png,0201-未知图腾-（W）-shiny.png
0201_未知图腾-（X）,0201,未知图腾-（X）,0201-未知图腾-（X）.png,0201-未知图腾-（X）-shiny.png
0201_未知图腾-（Y）,0201,未知图腾-（Y）,0201-未知图腾-（Y）.png,0201-未知图腾-（Y）-shiny.png
0201_未知图腾-（Z）,0201,未知图腾-（Z）,0201-未知图腾-（Z）.png,0201-未知图腾-（Z）-shiny.png
0201_未知图腾-（!）,0201,未知图腾-（!）,0201-未知图腾-（!）.png,0201-未知图腾-（!）-shiny.png
0201_未知图腾-（？）,0201,未知图腾-（？）,0201-未知图腾-（？）.png,0201-未知图腾-（？）-shiny.png
0202_果然翁-雄性,0202,果然翁-雄性,0202-果然翁-雄性.png,0202-果然翁-雄性-shiny.png
0202_果然翁-雌性,0202,果然翁-雌性,0202-果然翁-雌性.png,0202-果然翁-雌性-shiny.png
0203_麒麟奇-雄性,0203,麒麟奇-雄性,0203-麒麟奇-雄性.png,0203-麒麟奇-雄性-shiny.png
0203_麒麟奇-雌性,0203,麒麟奇-雌性,0203-麒麟奇-雌性.png,0203-麒麟奇-雌性-shiny.png
0204_榛果球,0204,榛果球,0204-榛果球.png,0204-榛果球-shiny.png
0205_佛烈托斯,0205,佛烈托斯,0205-佛烈托斯.png,0205-佛烈托斯-shiny.png
0206_土龙弟弟,0206,土龙弟弟,0206-土龙弟弟.png,0206-土龙弟弟-shiny.png
0207_天蝎-雄性,0207,天蝎-雄性,0207-天蝎-雄性.png,0207-天蝎-雄性-shiny.png
0207_天蝎-雌性,0207,天蝎-雌性,0207-天蝎-雌性.png,0207-天蝎-雌性-shiny.png
0208_大钢蛇-雄性,0208,大钢蛇-雄性,0208-大钢蛇-雄性.png,0208-大钢蛇-雄性-shiny.png
0208_大钢蛇-雌性,0208,大钢蛇-雌性,0208-大钢蛇-雌性.png,0208-大钢蛇-雌性-shiny.png
0208_大钢蛇-超级大钢蛇,0208,大钢蛇-超级大钢蛇,0208-大钢蛇-超级大钢蛇.png,0208-大钢蛇-超级大钢蛇-shiny.png
0209_布鲁,0209,布鲁,0209-布鲁.png,0209-布鲁-shiny.png
0210_布鲁皇,0210,布鲁皇,0210-布鲁皇.png,0210-布鲁皇-shiny.png
0211_千针鱼,0211,千针鱼,0211-千针鱼.png,0211-千针鱼-shiny.png
0211_千针鱼-洗翠的样子,0211,千针鱼-洗翠的样子,0211-千针鱼-洗翠的样子.png,0211-千针鱼-洗翠的样子-shiny.png
0212_巨钳螳螂-雄性,0212,巨钳螳螂-雄性,0212-巨钳螳螂-雄性.png,0212-巨钳螳螂-雄性-shiny.png
0212_巨钳螳螂-雌性,0212,巨钳螳螂-雌性,0212-巨钳螳螂-雌性.png,0212-巨钳螳螂-雌性-shiny.png
0212_巨钳螳螂-超级巨钳螳螂,0212,巨钳螳螂-超级巨钳螳螂,0212-巨钳螳螂-超级巨钳螳螂.png,0212-巨钳螳螂-超级巨钳螳螂-shiny.png
0213_壶壶,0213,壶壶,0213-壶壶.png,0213-壶壶-shiny.png
0214_赫拉克罗斯-雄性,0214,赫拉克罗斯-雄性,0214-赫拉克罗斯-雄性.png,0214-赫拉克罗斯-雄性-shiny.png
0214_赫拉克罗斯-雌性,0214,赫拉克罗斯-雌性,0214-赫拉克罗斯-雌性.png,0214-赫拉克罗斯-雌性-shiny.png
0214_赫拉克罗斯-超级赫拉克罗斯,0214,赫拉克罗斯-超级赫拉克罗斯,0214-赫拉克罗斯-超级赫拉克罗斯.png,0214-赫拉克罗斯-超级赫拉克罗斯-shiny.png
0215_狃拉-雄性,0215,狃拉-雄性,0215-狃拉-雄性.png,0215-狃拉-雄性-shiny.png
0215_狃拉-雌性,0215,狃拉-雌性,0215-狃拉-雌性.png,0215-狃拉-雌性-shiny.png
0215_狃拉-洗翠的样子雄性,0215,狃拉-洗翠的样子雄性,0215-狃拉-洗翠的样子雄性.png,0215-狃拉-洗翠的样子雄性-shiny.png
0215_狃拉-洗翠的样子雌性,0215,狃拉-洗翠的样子雌性,0215-狃拉-洗翠的样子雌性.png,0215-狃拉-洗翠的样子雌性-shiny.png
0216_熊宝宝,0216,熊宝宝,0216-熊宝宝.png,0216-熊宝宝-shiny.png
0217_圈圈熊-雄性,0217,圈圈熊-雄性,0217-圈圈熊-雄性.png,0217-圈圈熊-雄性-shiny.png
0217_圈圈熊-雌性,0217,圈圈熊-雌性,0217-圈圈熊-雌性.png,0217-圈圈熊-雌性-shiny.png
0218_熔岩虫,0218,熔岩虫,0218-熔岩虫.png,0218-熔岩虫-shiny.png
0219_熔岩蜗牛,0219,熔岩蜗牛,0219-熔岩蜗牛.png,0219-熔岩蜗牛-shiny.png
0220_小山猪,0220,小山猪,0220-小山猪.png,0220-小山猪-shiny.png
0221_长毛猪-雄性,0221,长毛猪-雄性,0221-长毛猪-雄性.png,0221-长毛猪-雄性-shiny.png
0221_长毛猪-雌性,0221,长毛猪-雌性,0221-长毛猪-雌性.png,0221-长毛猪-雌性-shiny.png
0222_太阳珊瑚,0222,太阳珊瑚,0222-太阳珊瑚.png,0222-太阳珊瑚-shiny.png
0222_太阳珊瑚-伽勒尔的样子,0222,太阳珊瑚-伽勒尔的样子,0222-太阳珊瑚-伽勒尔的样子.png,0222-太阳珊瑚-伽勒尔的样子-shiny.png
0223_铁炮鱼,0223,铁炮鱼,0223-铁炮鱼.png,0223-铁炮鱼-shiny.png
0224_章鱼桶-雄性,0224,章鱼桶-雄性,0224-章鱼桶-雄性.png,0224-章鱼桶-雄性-shiny.png
0224_章鱼桶-雌性,0224,章鱼桶-雌性,0224-章鱼桶-雌性.png,0224-章鱼桶-雌性-shiny.png
0225_信使鸟,0225,信使鸟,0225-信使鸟.png,0225-信使鸟-shiny.png
0226_巨翅飞鱼,0226,巨翅飞鱼,0226-巨翅飞鱼.png,0226-巨翅飞鱼-shiny.png
0227_盔甲鸟,0227,盔甲鸟,0227-盔甲鸟.png,0227-盔甲鸟-shiny.png
0228_戴鲁比,0228,戴鲁比,0228-戴鲁比.png,0228-戴鲁比-shiny.png
0229_黑鲁加-雄性,0229,黑鲁加-雄性,0229-黑鲁加-雄性.png,0229-黑鲁加-雄性-shiny.png
0229_黑鲁加-雌性,0229,黑鲁加-雌性,0229-黑鲁加-雌性.png,0229-黑鲁加-雌性-shiny.png
0229_黑鲁加-超级黑鲁加,0229,黑鲁加-超级黑鲁加,0229-黑鲁加-超级黑鲁加.png,0229-黑鲁加-超级黑鲁加-shiny.png
0230_刺龙王,0230,刺龙王,0230-刺龙王.png,0230-刺龙王-shiny.png
0231_小小象,0231,小小象,0231-小小象.png,0231-小小象-shiny.png
0232_顿甲-雄性,0232,顿甲-雄性,0232-顿甲-雄性.png,0232-顿甲-雄性-shiny.png
0232_顿甲-雌性,0232,顿甲-雌性,0232-顿甲-雌性.png,0232-顿甲-雌性-shiny.png
0233_多边兽Ⅱ,0233,多边兽Ⅱ,0233-多边兽Ⅱ.png,0233-多边兽Ⅱ-shiny.png
0234_惊角鹿,0234,惊角鹿,0234-惊角鹿.png,0234-惊角鹿-shiny.png
0235_图图犬,0235,图图犬,0235-图图犬.png,0235-图图犬-shiny.png
0236_无畏小子,0236,无畏小子,0236-无畏小子.png,0236-无畏小子-shiny.png
0237_战舞郎,0237,战舞郎,0237-战舞郎.png,0237-战舞郎-shiny.png
0238_迷唇娃,0238,迷唇娃,0238-迷唇娃.png,0238-迷唇娃-shiny.png
0239_电击怪,0239,电击怪,0239-电击怪.png,0239-电击怪-shiny.png
0240_鸭嘴宝宝,0240,鸭嘴宝宝,0240-鸭嘴宝宝.png,0240-鸭嘴宝宝-shiny.png
0241_大奶罐,0241,大奶罐,0241-大奶罐.png,0241-大奶罐-shiny.png
0242_幸福蛋,0242,幸福蛋,0242-幸福蛋.png,0242-幸福蛋-shiny.png
0243_雷公,0243,雷公,0243-雷公.png,0243-雷公-shiny.png
0244_炎帝,0244,炎帝,0244-炎帝.png,0244-炎帝-shiny.png
0245_水君,0245,水君,0245-水君.png,0245-水君-shiny.png
0246_幼基拉斯,0246,幼基拉斯,0246-幼基拉斯.png,0246-幼基拉斯-shiny.png
0247_沙基拉斯,0247,沙基拉斯,0247-沙基拉斯.png,0247-沙基拉斯-shiny.png
0248_班基拉斯,0248,班基拉斯,0248-班基拉斯.png,0248-班基拉斯-shiny.png
0248_班基拉斯-超级班基拉斯,0248,班基拉斯-超级班基拉斯,0248-班基拉斯-超级班基拉斯.png,0248-班基拉斯-超级班基拉斯-shiny.png
0249_洛奇亚,0249,洛奇亚,0249-洛奇亚.png,0249-洛奇亚-shiny.png
0250_凤王,0250,凤王,0250-凤王.png,0250-凤王-shiny.png
0251_时拉比,0251,时拉比,0251-时拉比.png,0251-时拉比-shiny.png
0252_木守宫,0252,木守宫,0252-木守宫.png,0252-木守宫-shiny.png
0253_森林蜥蜴,0253,森林蜥蜴,0253-森林蜥蜴.png,0253-森林蜥蜴-shiny.png
0254_蜥蜴王,0254,蜥蜴王,0254-蜥蜴王.png,0254-蜥蜴王-shiny.png
0254_蜥蜴王-超级蜥蜴王,0254,蜥蜴王-超级蜥蜴王,0254-蜥蜴王-超级蜥蜴王.png,0254-蜥蜴王-超级蜥蜴王-shiny.png
0255_火稚鸡-雄性,0255,火稚鸡-雄性,0255-火稚鸡-雄性.png,0255-火稚鸡-雄性-shiny.png
0255_火稚鸡-雌性,0255,火稚鸡-雌性,0255-火稚鸡-雌性.png,0255-火稚鸡-雌性-shiny.png
0256_力壮鸡-雄性,0256,力壮鸡-雄性,0256-力壮鸡-雄性.png,0256-力壮鸡-雄性-shiny.png
0256_力壮鸡-雌性,0256,力壮鸡-雌性,0256-力壮鸡-雌性.png,0256-力壮鸡-雌性-shiny.png
0257_火焰鸡-雄性,0257,火焰鸡-雄性,0257-火焰鸡-雄性.png,0257-火焰鸡-雄性-shiny.png
0257_火焰鸡-雌性,0257,火焰鸡-雌性,0257-火焰鸡-雌性.png,0257-火焰鸡-雌性-shiny.png
0257_火焰鸡,0257,火焰鸡,0257-火焰鸡.png,0257-火焰鸡-shiny.png
0258_水跃鱼,0258,水跃鱼,0258-水跃鱼.png,0258-水跃鱼-shiny.png
0259_沼跃鱼,0259,沼跃鱼,0259-沼跃鱼.png,0259-沼跃鱼-shiny.png
0260_巨沼怪,0260,巨沼怪,0260-巨沼怪.png,0260-巨沼怪-shiny.png
0260_巨沼怪-超级巨沼怪,0260,巨沼怪-超级巨沼怪,0260-巨沼怪-超级巨沼怪.png,0260-巨沼怪-超级巨沼怪-shiny.png
0261_土狼犬,0261,土狼犬,0261-土狼犬.png,0261-土狼犬-shiny.png
0262_大狼犬,0262,大狼犬,0262-大狼犬.png,0262-大狼犬-shiny.png
0263_蛇纹熊,0263,蛇纹熊,0263-蛇纹熊.png,0263-蛇纹熊-shiny.png
0263_蛇纹熊-伽勒尔的样子,0263,蛇纹熊-伽勒尔的样子,0263-蛇纹熊-伽勒尔的样子.png,0263-蛇纹熊-伽勒尔的样子-shiny.png
0264_直冲熊,0264,直冲熊,0264-直冲熊.png,0264-直冲熊-shiny.png
0264_直冲熊-伽勒尔的样子,0264,直冲熊-伽勒尔的样子,0264-直冲熊-伽勒尔的样子.png,0264-直冲熊-伽勒尔的样子-shiny.png
0265_刺尾虫,0265,刺尾虫,0265-刺尾虫.png,0265-刺尾虫-shiny.png
0266_甲壳茧,0266,甲壳茧,0266-甲壳茧.png,0266-甲壳茧-shiny.png
0267_狩猎凤蝶-雄性,0267,狩猎凤蝶-雄性,0267-狩猎凤蝶-雄性.png,0267-狩猎凤蝶-雄性-shiny.png
0267_狩猎凤蝶-雌性,0267,狩猎凤蝶-雌性,0267-狩猎凤蝶-雌性.png,0267-狩猎凤蝶-雌性-shiny.png
0268_盾甲茧,0268,盾甲茧,0268-盾甲茧.png,0268-盾甲茧-shiny.png
0269_毒粉蛾-雄性,0269,毒粉蛾-雄性,0269-毒粉蛾-雄性.png,0269-毒粉蛾-雄性-shiny.png
0269_毒粉蛾-雌性,0269,毒粉蛾-雌性,0269-毒粉蛾-雌性.png,0269-毒粉蛾-雌性-shiny.png
0270_莲叶童子,0270,莲叶童子,0270-莲叶童子.png,0270-莲叶童子-shiny.png
0271_莲帽小童,0271,莲帽小童,0271-莲帽小童.png,0271-莲帽小童-shiny.png
0272_乐天河童-雄性,0272,乐天河童-雄性,0272-乐天河童-雄性.png,0272-乐天河童-雄性-shiny.png
0272_乐天河童-雌性,0272,乐天河童-雌性,0272-乐天河童-雌性.png,0272-乐天河童-雌性-shiny.png
0273_橡实果,0273,橡实果,0273-橡实果.png,0273-橡实果-shiny.png
0274_长鼻叶-雄性,0274,长鼻叶-雄性,0274-长鼻叶-雄性.png,0274-长鼻叶-雄性-shiny.png
0274_长鼻叶-雌性,0274,长鼻叶-雌性,0274-长鼻叶-雌性.png,0274-长鼻叶-雌性-shiny.png
0275_狡猾天狗-雄性,0275,狡猾天狗-雄性,0275-狡猾天狗-雄性.png,0275-狡猾天狗-雄性-shiny.png
0275_狡猾天狗-雌性,0275,狡猾天狗-雌性,0275-狡猾天狗-雌性.png,0275-狡猾天狗-雌性-shiny.png
0276_傲骨燕,0276,傲骨燕,0276-傲骨燕.png,0276-傲骨燕-shiny.png
0277_大王燕,0277,大王燕,0277-大王燕.png,0277-大王燕-shiny.png
0278_长翅鸥,0278,长翅鸥,0278-长翅鸥.png,0278-长翅鸥-shiny.png
0279_大嘴鸥,0279,大嘴鸥,0279-大嘴鸥.png,0279-大嘴鸥-shiny.png
0280_拉鲁拉丝,0280,拉鲁拉丝,0280-拉鲁拉丝.png,0280-拉鲁拉丝-shiny.png
0281_奇鲁莉安,0281,奇鲁莉安,0281-奇鲁莉安.png,0281-奇鲁莉安-shiny.png
0282_沙奈朵,0282,沙奈朵,0282-沙奈朵.png,0282-沙奈朵-shiny.png
0282_沙奈朵-超级沙奈朵,0282,沙奈朵-超级沙奈朵,0282-沙奈朵-超级沙奈朵.png,0282-沙奈朵-超级沙奈朵-shiny.png
0283_溜溜糖球,0283,溜溜糖球,0283-溜溜糖球.png,0283-溜溜糖球-shiny.png
0284_雨翅蛾,0284,雨翅蛾,0284-雨翅蛾.png,0284-雨翅蛾-shiny.png
0285_蘑蘑菇,0285,蘑蘑菇,0285-蘑蘑菇.png,0285-蘑蘑菇-shiny.png
0286_斗笠菇,0286,斗笠菇,0286-斗笠菇.png,0286-斗笠菇-shiny.png
0287_懒人獭,0287,懒人獭,0287-懒人獭.png,0287-懒人獭-shiny.png
0288_过动猿,0288,过动猿,0288-过动猿.png,0288-过动猿-shiny.png
0289_请假王,0289,请假王,0289-请假王.png,0289-请假王-shiny.png
0290_土居忍士,0290,土居忍士,0290-土居忍士.png,0290-土居忍士-shiny.png
0291_铁面忍者,0291,铁面忍者,0291-铁面忍者.png,0291-铁面忍者-shiny.png
0292_脱壳忍者,0292,脱壳忍者,0292-脱壳忍者.png,0292-脱壳忍者-shiny.png
0293_咕妞妞,0293,咕妞妞,0293-咕妞妞.png,0293-咕妞妞-shiny.png
0294_吼爆弹,0294,吼爆弹,0294-吼爆弹.png,0294-吼爆弹-shiny.png
0295_爆音怪,0295,爆音怪,0295-爆音怪.png,0295-爆音怪-shiny.png
0296_幕下力士,0296,幕下力士,0296-幕下力士.png,0296-幕下力士-shiny.png
0297_铁掌力士,0297,铁掌力士,0297-铁掌力士.png,0297-铁掌力士-shiny.png
0298_露力丽,0298,露力丽,0298-露力丽.png,0298-露力丽-shiny.png
0299_朝北鼻,0299,朝北鼻,0299-朝北鼻.png,0299-朝北鼻-shiny.png
0300_向尾喵,0300,向尾喵,0300-向尾喵.png,0300-向尾喵-shiny.png
0301_优雅猫,0301,优雅猫,0301-优雅猫.png,0301-优雅猫-shiny.png
0302_勾魂眼,0302,勾魂眼,0302-勾魂眼.png,0302-勾魂眼-shiny.png
0302_勾魂眼-超级勾魂眼,0302,勾魂眼-超级勾魂眼,0302-勾魂眼-超级勾魂眼.png,0302-勾魂眼-超级勾魂眼-shiny.png
0303_大嘴娃,0303,大嘴娃,0303-大嘴娃.png,0303-大嘴娃-shiny.png
0303_大嘴娃-超级大嘴娃,0303,大嘴娃-超级大嘴娃,0303-大嘴娃-超级大嘴娃.png,0303-大嘴娃-超级大嘴娃-shiny.png
0304_可可多拉,0304,可可多拉,0304-可可多拉.png,0304-可可多拉-shiny.png
0305_可多拉,0305,可多拉,0305-可多拉.png,0305-可多拉-shiny.png
0306_波士可多拉,0306,波士可多拉,0306-波士可多拉.png,0306-波士可多拉-shiny.png
0306_波士可多拉-超级波士可多拉,0306,波士可多拉-超级波士可多拉,0306-波士可多拉-超级波士可多拉.png,0306-波士可多拉-超级波士可多拉-shiny.png
0307_玛沙那-雄性,0307,玛沙那-雄性,0307-玛沙那-雄性.png,0307-玛沙那-雄性-shiny.png
0307_玛沙那-雌性,0307,玛沙那-雌性,0307-玛沙那-雌性.png,0307-玛沙那-雌性-shiny.png
0308_恰雷姆-雄性,0308,恰雷姆-雄性,0308-恰雷姆-雄性.png,0308-恰雷姆-雄性-shiny.png
0308_恰雷姆-雌性,0308,恰雷姆-雌性,0308-恰雷姆-雌性.png,0308-恰雷姆-雌性-shiny.png
0308_恰雷姆-超级恰雷姆,0308,恰雷姆-超级恰雷姆,0308-恰雷姆-超级恰雷姆.png,0308-恰雷姆-超级恰雷姆-shiny.png
0309_落雷兽,0309,落雷兽,0309-落雷兽.png,0309-落雷兽-shiny.png
0310_雷电兽,0310,雷电兽,0310-雷电兽.png,0310-雷电兽-shiny.png
0310_雷电兽-超级雷电兽,0310,雷电兽-超级雷电兽,0310-雷电兽-超级雷电兽.png,0310-雷电兽-超级雷电兽-shiny.png
0311_正电拍拍,0311,正电拍拍,0311-正电拍拍.png,0311-正电拍拍-shiny.png
0312_负电拍拍,0312,负电拍拍,0312-负电拍拍.png,0312-负电拍拍-shiny.png
0313_电萤虫,0313,电萤虫,0313-电萤虫.png,0313-电萤虫-shiny.png
0314_甜甜萤,0314,甜甜萤,0314-甜甜萤.png,0314-甜甜萤-shiny.png
0315_毒蔷薇-雄性,0315,毒蔷薇-雄性,0315-毒蔷薇-雄性.png,0315-毒蔷薇-雄性-shiny.png
0315_毒蔷薇-雌性,0315,毒蔷薇-雌性,0315-毒蔷薇-雌性.png,0315-毒蔷薇-雌性-shiny.png
0316_溶食兽-雄性,0316,溶食兽-雄性,0316-溶食兽-雄性.png,0316-溶食兽-雄性-shiny.png
0316_溶食兽-雌性,0316,溶食兽-雌性,0316-溶食兽-雌性.png,0316-溶食兽-雌性-shiny.png
0317_吞食兽-雄性,0317,吞食兽-雄性,0317-吞食兽-雄性.png,0317-吞食兽-雄性-shiny.png
0317_吞食兽-雌性,0317,吞食兽-雌性,0317-吞食兽-雌性.png,0317-吞食兽-雌性-shiny.png
0318_利牙鱼,0318,利牙鱼,0318-利牙鱼.png,0318-利牙鱼-shiny.png
0319_巨牙鲨,0319,巨牙鲨,0319-巨牙鲨.png,0319-巨牙鲨-shiny.png
0319_巨牙鲨-超级巨牙鲨,0319,巨牙鲨-超级巨牙鲨,0319-巨牙鲨-超级巨牙鲨.png,0319-巨牙鲨-超级巨牙鲨-shiny.png
0320_吼吼鲸,0320,吼吼鲸,0320-吼吼鲸.png,0320-吼吼鲸-shiny.png
0321_吼鲸王,0321,吼鲸王,0321-吼鲸王.png,0321-吼鲸王-shiny.png
0322_呆火驼-雄性,0322,呆火驼-雄性,0322-呆火驼-雄性.png,0322-呆火驼-雄性-shiny.png
0322_呆火驼-雌性,0322,呆火驼-雌性,0322-呆火驼-雌性.png,0322-呆火驼-雌性-shiny.png
0323_喷火驼-雄性,0323,喷火驼-雄性,0323-喷火驼-雄性.png,0323-喷火驼-雄性-shiny.png
0323_喷火驼-雌性,0323,喷火驼-雌性,0323-喷火驼-雌性.png,0323-喷火驼-雌性-shiny.png
0323_喷火驼-超级喷火驼,0323,喷火驼-超级喷火驼,0323-喷火驼-超级喷火驼.png,0323-喷火驼-超级喷火驼-shiny.png
0324_煤炭龟,0324,煤炭龟,0324-煤炭龟.png,0324-煤炭龟-shiny.png
0325_跳跳猪,0325,跳跳猪,0325-跳跳猪.png,0325-跳跳猪-shiny.png
0326_噗噗猪,0326,噗噗猪,0326-噗噗猪.png,0326-噗噗猪-shiny.png
0327_晃晃斑,0327,晃晃斑,0327-晃晃斑.png,0327-晃晃斑-shiny.png
0328_大颚蚁,0328,大颚蚁,0328-大颚蚁.png,0328-大颚蚁-shiny.png
0329_超音波幼虫,0329,超音波幼虫,0329-超音波幼虫.png,0329-超音波幼虫-shiny.png
0330_沙漠蜻蜓,0330,沙漠蜻蜓,0330-沙漠蜻蜓.png,0330-沙漠蜻蜓-shiny.png
0331_刺球仙人掌,0331,刺球仙人掌,0331-刺球仙人掌.png,0331-刺球仙人掌-shiny.png
0332_梦歌仙人掌-雄性,0332,梦歌仙人掌-雄性,0332-梦歌仙人掌-雄性.png,0332-梦歌仙人掌-雄性-shiny.png
0332_梦歌仙人掌-雌性,0332,梦歌仙人掌-雌性,0332-梦歌仙人掌-雌性.png,0332-梦歌仙人掌-雌性-shiny.png
0333_青绵鸟,0333,青绵鸟,0333-青绵鸟.png,0333-青绵鸟-shiny.png
0334_七夕青鸟,0334,七夕青鸟,0334-七夕青鸟.png,0334-七夕青鸟-shiny.png
0334_七夕青鸟-超级七夕青鸟,0334,七夕青鸟-超级七夕青鸟,0334-七夕青鸟-超级七夕青鸟.png,0334-七夕青鸟-超级七夕青鸟-shiny.png
0335_猫鼬斩,0335,猫鼬斩,0335-猫鼬斩.png,0335-猫鼬斩-shiny.png
0336_饭匙蛇,0336,饭匙蛇,0336-饭匙蛇.png,0336-饭匙蛇-shiny.png
0337_月石,0337,月石,0337-月石.png,0337-月石-shiny.png
0338_太阳岩,0338,太阳岩,0338-太阳岩.png,0338-太阳岩-shiny.png
0339_泥泥鳅,0339,泥泥鳅,0339-泥泥鳅.png,0339-泥泥鳅-shiny.png
0340_鲶鱼王,0340,鲶鱼王,0340-鲶鱼王.png,0340-鲶鱼王-shiny.png
0341_龙虾小兵,0341,龙虾小兵,0341-龙虾小兵.png,0341-龙虾小兵-shiny.png
0342_铁螯龙虾,0342,铁螯龙虾,0342-铁螯龙虾.png,0342-铁螯龙虾-shiny.png
0343_天秤偶,0343,天秤偶,0343-天秤偶.png,0343-天秤偶-shiny.png
0344_念力土偶,0344,念力土偶,0344-念力土偶.png,0344-念力土偶-shiny.png
0345_触手百合,0345,触手百合,0345-触手百合.png,0345-触手百合-shiny.png
0346_摇篮百合,0346,摇篮百合,0346-摇篮百合.png,0346-摇篮百合-shiny.png
0347_太古羽虫,0347,太古羽虫,0347-太古羽虫.png,0347-太古羽虫-shiny.png
0348_太古盔甲,0348,太古盔甲,0348-太古盔甲.png,0348-太古盔甲-shiny.png
0349_丑丑鱼,0349,丑丑鱼,0349-丑丑鱼.png,0349-丑丑鱼-shiny.png
0350_美纳斯-雄性,0350,美纳斯-雄性,0350-美纳斯-雄性.png,0350-美纳斯-雄性-shiny.png
0350_美纳斯-雌性,0350,美纳斯-雌性,0350-美纳斯-雌性.png,0350-美纳斯-雌性-shiny.png
0351_飘浮泡泡-飘浮泡泡的样子,0351,飘浮泡泡-飘浮泡泡的样子,0351-飘浮泡泡-飘浮泡泡的样子.png,0351-飘浮泡泡-飘浮泡泡的样子-shiny.png
0351_飘浮泡泡-太阳的样子,0351,飘浮泡泡-太阳的样子,0351-飘浮泡泡-太阳的样子.png,0351-飘浮泡泡-太阳的样子-shiny.png
0351_飘浮泡泡-雨水的样子,0351,飘浮泡泡-雨水的样子,0351-飘浮泡泡-雨水的样子.png,0351-飘浮泡泡-雨水的样子-shiny.png
0351_飘浮泡泡-雪云的样子,0351,飘浮泡泡-雪云的样子,0351-飘浮泡泡-雪云的样子.png,0351-飘浮泡泡-雪云的样子-shiny.png
0352_变隐龙,0352,变隐龙,0352-变隐龙.png,0352-变隐龙-shiny.png
0353_怨影娃娃,0353,怨影娃娃,0353-怨影娃娃.png,0353-怨影娃娃-shiny.png
0354_诅咒娃娃,0354,诅咒娃娃,0354-诅咒娃娃.png,0354-诅咒娃娃-shiny.png
0354_诅咒娃娃-超级诅咒娃娃,0354,诅咒娃娃-超级诅咒娃娃,0354-诅咒娃娃-超级诅咒娃娃.png,0354-诅咒娃娃-超级诅咒娃娃-shiny.png
0355_夜巡灵,0355,夜巡灵,0355-夜巡灵.png,0355-夜巡灵-shiny.png
0356_彷徨夜灵,0356,彷徨夜灵,0356-彷徨夜灵.png,0356-彷徨夜灵-shiny.png
0357_热带龙,0357,热带龙,0357-热带龙.png,0357-热带龙-shiny.png
0358_风铃铃,0358,风铃铃,0358-风铃铃.png,0358-风铃铃-shiny.png
0359_阿勃梭鲁,0359,阿勃梭鲁,0359-阿勃梭鲁.png,0359-阿勃梭鲁-shiny.png
0359_阿勃梭鲁-超级阿勃梭鲁,0359,阿勃梭鲁-超级阿勃梭鲁,0359-阿勃梭鲁-超级阿勃梭鲁.png,0359-阿勃梭鲁-超级阿勃梭鲁-shiny.png
0360_小果然,0360,小果然,0360-小果然.png,0360-小果然-shiny.png
0361_雪童子,0361,雪童子,0361-雪童子.png,0361-雪童子-shiny.png
0362_冰鬼护,0362,冰鬼护,0362-冰鬼护.png,0362-冰鬼护-shiny.png
0362_冰鬼护-超级冰鬼护,0362,冰鬼护-超级冰鬼护,0362-冰鬼护-超级冰鬼护.png,0362-冰鬼护-超级冰鬼护-shiny.png
0363_海豹球,0363,海豹球,0363-海豹球.png,0363-海豹球-shiny.png
0364_海魔狮,0364,海魔狮,0364-海魔狮.png,0364-海魔狮-shiny.png
0365_帝牙海狮,0365,帝牙海狮,0365-帝牙海狮.png,0365-帝牙海狮-shiny.png
0366_珍珠贝,0366,珍珠贝,0366-珍珠贝.png,0366-珍珠贝-shiny.png
0367_猎斑鱼,0367,猎斑鱼,0367-猎斑鱼.png,0367-猎斑鱼-shiny.png
0368_樱花鱼,0368,樱花鱼,0368-樱花鱼.png,0368-樱花鱼-shiny.png
0369_古空棘鱼-雄性,0369,古空棘鱼-雄性,0369-古空棘鱼-雄性.png,0369-古空棘鱼-雄性-shiny.png
0369_古空棘鱼-雌性,0369,古空棘鱼-雌性,0369-古空棘鱼-雌性.png,0369-古空棘鱼-雌性-shiny.png
0370_爱心鱼,0370,爱心鱼,0370-爱心鱼.png,0370-爱心鱼-shiny.png
0371_宝贝龙,0371,宝贝龙,0371-宝贝龙.png,0371-宝贝龙-shiny.png
0372_甲壳龙,0372,甲壳龙,0372-甲壳龙.png,0372-甲壳龙-shiny.png
0373_暴飞龙,0373,暴飞龙,0373-暴飞龙.png,0373-暴飞龙-shiny.png
0373_暴飞龙-超级暴飞龙,0373,暴飞龙-超级暴飞龙,0373-暴飞龙-超级暴飞龙.png,0373-暴飞龙-超级暴飞龙-shiny.png
0374_铁哑铃,0374,铁哑铃,0374-铁哑铃.png,0374-铁哑铃-shiny.png
0375_金属怪,0375,金属怪,0375-金属怪.png,0375-金属怪-shiny.png
0376_巨金怪,0376,巨金怪,0376-巨金怪.png,0376-巨金怪-shiny.png
0376_巨金怪-超级巨金怪,0376,巨金怪-超级巨金怪,0376-巨金怪-超级巨金怪.png,0376-巨金怪-超级巨金怪-shiny.png
0377_雷吉洛克,0377,雷吉洛克,0377-雷吉洛克.png,0377-雷吉洛克-shiny.png
0378_雷吉艾斯,0378,雷吉艾斯,0378-雷吉艾斯.png,0378-雷吉艾斯-shiny.png
0379_雷吉斯奇鲁,0379,雷吉斯奇鲁,0379-雷吉斯奇鲁.png,0379-雷吉斯奇鲁-shiny.png
0380_拉帝亚斯,0380,拉帝亚斯,0380-拉帝亚斯.png,0380-拉帝亚斯-shiny.png
0380_拉帝亚斯-超级拉帝亚斯,0380,拉帝亚斯-超级拉帝亚斯,0380-拉帝亚斯-超级拉帝亚斯.png,0380-拉帝亚斯-超级拉帝亚斯-shiny.png
0381_拉帝欧斯,0381,拉帝欧斯,0381-拉帝欧斯.png,0381-拉帝欧斯-shiny.png
0381_拉帝欧斯-超级拉帝欧斯,0381,拉帝欧斯-超级拉帝欧斯,0381-拉帝欧斯-超级拉帝欧斯.png,0381-拉帝欧斯-超级拉帝欧斯-shiny.png
0382_盖欧卡,0382,盖欧卡,0382-盖欧卡.png,0382-盖欧卡-shiny.png
0382_盖欧卡-原始回归的样子,0382,盖欧卡-原始回归的样子,0382-盖欧卡-原始回归的样子.png,0382-盖欧卡-原始回归的样子-shiny.png
0383_固拉多,0383,固拉多,0383-固拉多.png,0383-固拉多-shiny.png
0383_固拉多-原始回归的样子,0383,固拉多-原始回归的样子,0383-固拉多-原始回归的样子.png,0383-固拉多-原始回归的样子-shiny.png
0384_烈空坐,0384,烈空坐,0384-烈空坐.png,0384-烈空坐-shiny.png
0384_烈空坐-超级烈空坐,0384,烈空坐-超级烈空坐,0384-烈空坐-超级烈空坐.png,0384-烈空坐-超级烈空坐-shiny.png
0385_基拉祈,0385,基拉祈,0385-基拉祈.png,0385-基拉祈-shiny.png
0386_代欧奇希斯-普通形态,0386,代欧奇希斯-普通形态,0386-代欧奇希斯-普通形态.png,0386-代欧奇希斯-普通形态-shiny.png
0386_代欧奇希斯-攻击形态,0386,代欧奇希斯-攻击形态,0386-代欧奇希斯-攻击形态.png,0386-代欧奇希斯-攻击形态-shiny.png
0386_代欧奇希斯-防御形态,0386,代欧奇希斯-防御形态,0386-代欧奇希斯-防御形态.png,0386-代欧奇希斯-防御形态-shiny.png
0386_代欧奇希斯-速度形态,0386,代欧奇希斯-速度形态,0386-代欧奇希斯-速度形态.png,0386-代欧奇希斯-速度形态-shiny.png
0387_草苗龟,0387,草苗龟,0387-草苗龟.png,0387-草苗龟-shiny.png
0388_树林龟,0388,树林龟,0388-树林龟.png,0388-树林龟-shiny.png
0389_土台龟,0389,土台龟,0389-土台龟.png,0389-土台龟-shiny.png
0390_小火焰猴,0390,小火焰猴,0390-小火焰猴.png,0390-小火焰猴-shiny.png
0391_猛火猴,0391,猛火猴,0391-猛火猴.png,0391-猛火猴-shiny.png
0392_烈焰猴,0392,烈焰猴,0392-烈焰猴.png,0392-烈焰猴-shiny.png
0393_波加曼,0393,波加曼,0393-波加曼.png,0393-波加曼-shiny.png
0394_波皇子,0394,波皇子,0394-波皇子.png,0394-波皇子-shiny.png
0395_帝王拿波,0395,帝王拿波,0395-帝王拿波.png,0395-帝王拿波-shiny.png
0396_姆克儿-雄性,0396,姆克儿-雄性,0396-姆克儿-雄性.png,0396-姆克儿-雄性-shiny.png
0396_姆克儿-雌性,0396,姆克儿-雌性,0396-姆克儿-雌性.png,0396-姆克儿-雌性-shiny.png
0397_姆克鸟-雄性,0397,姆克鸟-雄性,0397-姆克鸟-雄性.png,0397-姆克鸟-雄性-shiny.png
0397_姆克鸟-雌性,0397,姆克鸟-雌性,0397-姆克鸟-雌性.png,0397-姆克鸟-雌性-shiny.png
0398_姆克鹰-雄性,0398,姆克鹰-雄性,0398-姆克鹰-雄性.png,0398-姆克鹰-雄性-shiny.png
0398_姆克鹰-雌性,0398,姆克鹰-雌性,0398-姆克鹰-雌性.png,0398-姆克鹰-雌性-shiny.png
0399_大牙狸-雄性,0399,大牙狸-雄性,0399-大牙狸-雄性.png,0399-大牙狸-雄性-shiny.png
0399_大牙狸-雌性,0399,大牙狸-雌性,0399-大牙狸-雌性.png,0399-大牙狸-雌性-shiny.png
0400_大尾狸-雄性,0400,大尾狸-雄性,0400-大尾狸-雄性.png,0400-大尾狸-雄性-shiny.png
0400_大尾狸-雌性,0400,大尾狸-雌性,0400-大尾狸-雌性.png,0400-大尾狸-雌性-shiny.png
0401_圆法师-雄性,0401,圆法师-雄性,0401-圆法师-雄性.png,0401-圆法师-雄性-shiny.png
0401_圆法师-雌性,0401,圆法师-雌性,0401-圆法师-雌性.png,0401-圆法师-雌性-shiny.png
0402_音箱蟀-雄性,0402,音箱蟀-雄性,0402-音箱蟀-雄性.png,0402-音箱蟀-雄性-shiny.png
0402_音箱蟀-雌性,0402,音箱蟀-雌性,0402-音箱蟀-雌性.png,0402-音箱蟀-雌性-shiny.png
0403_小猫怪-雄性,0403,小猫怪-雄性,0403-小猫怪-雄性.png,0403-小猫怪-雄性-shiny.png
0403_小猫怪-雌性,0403,小猫怪-雌性,0403-小猫怪-雌性.png,0403-小猫怪-雌性-shiny.png
0404_勒克猫-雄性,0404,勒克猫-雄性,0404-勒克猫-雄性.png,0404-勒克猫-雄性-shiny.png
0404_勒克猫-雌性,0404,勒克猫-雌性,0404-勒克猫-雌性.png,0404-勒克猫-雌性-shiny.png
0405_伦琴猫-雄性,0405,伦琴猫-雄性,0405-伦琴猫-雄性.png,0405-伦琴猫-雄性-shiny.png
0405_伦琴猫-雌性,0405,伦琴猫-雌性,0405-伦琴猫-雌性.png,0405-伦琴猫-雌性-shiny.png
0406_含羞苞,0406,含羞苞,0406-含羞苞.png,0406-含羞苞-shiny.png
0407_罗丝雷朵-雄性,0407,罗丝雷朵-雄性,0407-罗丝雷朵-雄性.png,0407-罗丝雷朵-雄性-shiny.png
0407_罗丝雷朵-雌性,0407,罗丝雷朵-雌性,0407-罗丝雷朵-雌性.png,0407-罗丝雷朵-雌性-shiny.png
0408_头盖龙,0408,头盖龙,0408-头盖龙.png,0408-头盖龙-shiny.png
0409_战槌龙,0409,战槌龙,0409-战槌龙.png,0409-战槌龙-shiny.png
0410_盾甲龙,0410,盾甲龙,0410-盾甲龙.png,0410-盾甲龙-shiny.png
0411_护城龙,0411,护城龙,0411-护城龙.png,0411-护城龙-shiny.png
0412_结草儿-草木蓑衣,0412,结草儿-草木蓑衣,0412-结草儿-草木蓑衣.png,0412-结草儿-草木蓑衣-shiny.png
0412_结草儿-砂土蓑衣,0412,结草儿-砂土蓑衣,0412-结草儿-砂土蓑衣.png,0412-结草儿-砂土蓑衣-shiny.png
0412_结草儿-垃圾蓑衣,0412,结草儿-垃圾蓑衣,0412-结草儿-垃圾蓑衣.png,0412-结草儿-垃圾蓑衣-shiny.png
0413_结草贵妇-草木蓑衣,0413,结草贵妇-草木蓑衣,0413-结草贵妇-草木蓑衣.png,0413-结草贵妇-草木蓑衣-shiny.png
0413_结草贵妇-砂土蓑衣,0413,结草贵妇-砂土蓑衣,0413-结草贵妇-砂土蓑衣.png,0413-结草贵妇-砂土蓑衣-shiny.png
0413_结草贵妇-垃圾蓑衣,0413,结草贵妇-垃圾蓑衣,0413-结草贵妇-垃圾蓑衣.png,0413-结草贵妇-垃圾蓑衣-shiny.png
0414_绅士蛾,0414,绅士蛾,0414-绅士蛾.png,0414-绅士蛾-shiny.png
0415_三蜜蜂-雄性,0415,三蜜蜂-雄性,0415-三蜜蜂-雄性.png,0415-三蜜蜂-雄性-shiny.png
0415_三蜜蜂-雌性,0415,三蜜蜂-雌性,0415-三蜜蜂-雌性.png,0415-三蜜蜂-雌性-shiny.png
0416_蜂女王,0416,蜂女王,0416-蜂女王.png,0416-蜂女王-shiny.png
0417_帕奇利兹-雄性,0417,帕奇利兹-雄性,0417-帕奇利兹-雄性.png,0417-帕奇利兹-雄性-shiny.png
0417_帕奇利兹-雌性,0417,帕奇利兹-雌性,0417-帕奇利兹-雌性.png,0417-帕奇利兹-雌性-shiny.png
0418_泳圈鼬-雄性,0418,泳圈鼬-雄性,0418-泳圈鼬-雄性.png,0418-泳圈鼬-雄性-shiny.png
0418_泳圈鼬-雌性,0418,泳圈鼬-雌性,0418-泳圈鼬-雌性.png,0418-泳圈鼬-雌性-shiny.png
0419_浮潜鼬-雄性,0419,浮潜鼬-雄性,0419-浮潜鼬-雄性.png,0419-浮潜鼬-雄性-shiny.png
0419_浮潜鼬-雌性,0419,浮潜鼬-雌性,0419-浮潜鼬-雌性.png,0419-浮潜鼬-雌性-shiny.png
0420_樱花宝,0420,樱花宝,0420-樱花宝.png,0420-樱花宝-shiny.png
0421_樱花儿-阴天形态,0421,樱花儿-阴天形态,0421-樱花儿-阴天形态.png,0421-樱花儿-阴天形态-shiny.png
0421_樱花儿-晴天形态,0421,樱花儿-晴天形态,0421-樱花儿-晴天形态.png,0421-樱花儿-晴天形态-shiny.png
0422_无壳海兔-西海,0422,无壳海兔-西海,0422-无壳海兔-西海.png,0422-无壳海兔-西海-shiny.png
0422_无壳海兔-东海,0422,无壳海兔-东海,0422-无壳海兔-东海.png,0422-无壳海兔-东海-shiny.png
0423_海兔兽-西海,0423,海兔兽-西海,0423-海兔兽-西海.png,0423-海兔兽-西海-shiny.png
0423_海兔兽-东海,0423,海兔兽-东海,0423-海兔兽-东海.png,0423-海兔兽-东海-shiny.png
0424_双尾怪手-雄性,0424,双尾怪手-雄性,0424-双尾怪手-雄性.png,0424-双尾怪手-雄性-shiny.png
0424_双尾怪手-雌性,0424,双尾怪手-雌性,0424-双尾怪手-雌性.png,0424-双尾怪手-雌性-shiny.png
0425_飘飘球,0425,飘飘球,0425-飘飘球.png,0425-飘飘球-shiny.png
0426_随风球,0426,随风球,0426-随风球.png,0426-随风球-shiny.png
0427_卷卷耳,0427,卷卷耳,0427-卷卷耳.png,0427-卷卷耳-shiny.png
0428_长耳兔,0428,长耳兔,0428-长耳兔.png,0428-长耳兔-shiny.png
0428_长耳兔-超级长耳兔,0428,长耳兔-超级长耳兔,0428-长耳兔-超级长耳兔.png,0428-长耳兔-超级长耳兔-shiny.png
0429_梦妖魔,0429,梦妖魔,0429-梦妖魔.png,0429-梦妖魔-shiny.png
0430_乌鸦头头,0430,乌鸦头头,0430-乌鸦头头.png,0430-乌鸦头头-shiny.png
0431_魅力喵,0431,魅力喵,0431-魅力喵.png,0431-魅力喵-shiny.png
0432_东施喵,0432,东施喵,0432-东施喵.png,0432-东施喵-shiny.png
0433_铃铛响,0433,铃铛响,0433-铃铛响.png,0433-铃铛响-shiny.png
0434_臭鼬噗,0434,臭鼬噗,0434-臭鼬噗.png,0434-臭鼬噗-shiny.png
0435_坦克臭鼬,0435,坦克臭鼬,0435-坦克臭鼬.png,0435-坦克臭鼬-shiny.png
0436_铜镜怪,0436,铜镜怪,0436-铜镜怪.png,0436-铜镜怪-shiny.png
0437_青铜钟,0437,青铜钟,0437-青铜钟.png,0437-青铜钟-shiny.png
0438_盆才怪,0438,盆才怪,0438-盆才怪.png,0438-盆才怪-shiny.png
0439_魔尼尼,0439,魔尼尼,0439-魔尼尼.png,0439-魔尼尼-shiny.png
0440_小福蛋,0440,小福蛋,0440-小福蛋.png,0440-小福蛋-shiny.png
0441_聒噪鸟,0441,聒噪鸟,0441-聒噪鸟.png,0441-聒噪鸟-shiny.png
0442_花岩怪,0442,花岩怪,0442-花岩怪.png,0442-花岩怪-shiny.png
0443_圆陆鲨-雄性,0443,圆陆鲨-雄性,0443-圆陆鲨-雄性.png,0443-圆陆鲨-雄性-shiny.png
0443_圆陆鲨-雌性,0443,圆陆鲨-雌性,0443-圆陆鲨-雌性.png,0443-圆陆鲨-雌性-shiny.png
0444_尖牙陆鲨-雄性,0444,尖牙陆鲨-雄性,0444-尖牙陆鲨-雄性.png,0444-尖牙陆鲨-雄性-shiny.png
0444_尖牙陆鲨-雌性,0444,尖牙陆鲨-雌性,0444-尖牙陆鲨-雌性.png,0444-尖牙陆鲨-雌性-shiny.png
0445_烈咬陆鲨-雄性,0445,烈咬陆鲨-雄性,0445-烈咬陆鲨-雄性.png,0445-烈咬陆鲨-雄性-shiny.png
0445_烈咬陆鲨-雌性,0445,烈咬陆鲨-雌性,0445-烈咬陆鲨-雌性.png,0445-烈咬陆鲨-雌性-shiny.png
0445_烈咬陆鲨-超级烈咬陆鲨,0445,烈咬陆鲨-超级烈咬陆鲨,0445-烈咬陆鲨-超级烈咬陆鲨.png,0445-烈咬陆鲨-超级烈咬陆鲨-shiny.png
0446_小卡比兽,0446,小卡比兽,0446-小卡比兽.png,0446-小卡比兽-shiny.png
0447_利欧路,0447,利欧路,0447-利欧路.png,0447-利欧路-shiny.png
0448_路卡利欧,0448,路卡利欧,0448-路卡利欧.png,0448-路卡利欧-shiny.png
0448_路卡利欧-超级路卡利欧,0448,路卡利欧-超级路卡利欧,0448-路卡利欧-超级路卡利欧.png,0448-路卡利欧-超级路卡利欧-shiny.png
0449_沙河马-雄性,0449,沙河马-雄性,0449-沙河马-雄性.png,0449-沙河马-雄性-shiny.png
0449_沙河马-雌性,0449,沙河马-雌性,0449-沙河马-雌性.png,0449-沙河马-雌性-shiny.png
0450_河马兽-雄性,0450,河马兽-雄性,0450-河马兽-雄性.png,0450-河马兽-雄性-shiny.png
0450_河马兽-雌性,0450,河马兽-雌性,0450-河马兽-雌性.png,0450-河马兽-雌性-shiny.png
0451_钳尾蝎,0451,钳尾蝎,0451-钳尾蝎.png,0451-钳尾蝎-shiny.png
0452_龙王蝎,0452,龙王蝎,0452-龙王蝎.png,0452-龙王蝎-shiny.png
0453_不良蛙-雄性,0453,不良蛙-雄性,0453-不良蛙-雄性.png,0453-不良蛙-雄性-shiny.png
0453_不良蛙-雌性,0453,不良蛙-雌性,0453-不良蛙-雌性.png,0453-不良蛙-雌性-shiny.png
0454_毒骷蛙-雄性,0454,毒骷蛙-雄性,0454-毒骷蛙-雄性.png,0454-毒骷蛙-雄性-shiny.png
0454_毒骷蛙-雌性,0454,毒骷蛙-雌性,0454-毒骷蛙-雌性.png,0454-毒骷蛙-雌性-shiny.png
0455_尖牙笼,0455,尖牙笼,0455-尖牙笼.png,0455-尖牙笼-shiny.png
0456_荧光鱼-雄性,0456,荧光鱼-雄性,0456-荧光鱼-雄性.png,0456-荧光鱼-雄性-shiny.png
0456_荧光鱼-雌性,0456,荧光鱼-雌性,0456-荧光鱼-雌性.png,0456-荧光鱼-雌性-shiny.png
0457_霓虹鱼-雄性,0457,霓虹鱼-雄性,0457-霓虹鱼-雄性.png,0457-霓虹鱼-雄性-shiny.png
0457_霓虹鱼-雌性,0457,霓虹鱼-雌性,0457-霓虹鱼-雌性.png,0457-霓虹鱼-雌性-shiny.png
0458_小球飞鱼,0458,小球飞鱼,0458-小球飞鱼.png,0458-小球飞鱼-shiny.png
0459_雪笠怪-雄性,0459,雪笠怪-雄性,0459-雪笠怪-雄性.png,0459-雪笠怪-雄性-shiny.png
0459_雪笠怪-雌性,0459,雪笠怪-雌性,0459-雪笠怪-雌性.png,0459-雪笠怪-雌性-shiny.png
0460_暴雪王-雄性,0460,暴雪王-雄性,0460-暴雪王-雄性.png,0460-暴雪王-雄性-shiny.png
0460_暴雪王-雌性,0460,暴雪王-雌性,0460-暴雪王-雌性.png,0460-暴雪王-雌性-shiny.png
0460_暴雪王-超级暴雪王,0460,暴雪王-超级暴雪王,0460-暴雪王-超级暴雪王.png,0460-暴雪王-超级暴雪王-shiny.png
0461_玛狃拉-雄性,0461,玛狃拉-雄性,0461-玛狃拉-雄性.png,0461-玛狃拉-雄性-shiny.png
0461_玛狃拉-雌性,0461,玛狃拉-雌性,0461-玛狃拉-雌性.png,0461-玛狃拉-雌性-shiny.png
0462_自爆磁怪,0462,自爆磁怪,0462-自爆磁怪.png,0462-自爆磁怪-shiny.png
0463_大舌舔,0463,大舌舔,0463-大舌舔.png,0463-大舌舔-shiny.png
0464_超甲狂犀-雄性,0464,超甲狂犀-雄性,0464-超甲狂犀-雄性.png,0464-超甲狂犀-雄性-shiny.png
0464_超甲狂犀-雌性,0464,超甲狂犀-雌性,0464-超甲狂犀-雌性.png,0464-超甲狂犀-雌性-shiny.png
0465_巨蔓藤-雄性,0465,巨蔓藤-雄性,0465-巨蔓藤-雄性.png,0465-巨蔓藤-雄性-shiny.png
0465_巨蔓藤-雌性,0465,巨蔓藤-雌性,0465-巨蔓藤-雌性.png,0465-巨蔓藤-雌性-shiny.png
0466_电击魔兽,0466,电击魔兽,0466-电击魔兽.png,0466-电击魔兽-shiny.png
0467_鸭嘴炎兽,0467,鸭嘴炎兽,0467-鸭嘴炎兽.png,0467-鸭嘴炎兽-shiny.png
0468_波克基斯,0468,波克基斯,0468-波克基斯.png,0468-波克基斯-shiny.png
0469_远古巨蜓,0469,远古巨蜓,0469-远古巨蜓.png,0469-远古巨蜓-shiny.png
0470_叶伊布,0470,叶伊布,0470-叶伊布.png,0470-叶伊布-shiny.png
0471_冰伊布,0471,冰伊布,0471-冰伊布.png,0471-冰伊布-shiny.png
0472_天蝎王,0472,天蝎王,0472-天蝎王.png,0472-天蝎王-shiny.png
0473_象牙猪-雄性,0473,象牙猪-雄性,0473-象牙猪-雄性.png,0473-象牙猪-雄性-shiny.png
0473_象牙猪-雌性,0473,象牙猪-雌性,0473-象牙猪-雌性.png,0473-象牙猪-雌性-shiny.png
0474_多边兽Ｚ,0474,多边兽Ｚ,0474-多边兽Ｚ.png,0474-多边兽Ｚ-shiny.png
0475_艾路雷朵,0475,艾路雷朵,0475-艾路雷朵.png,0475-艾路雷朵-shiny.png
0475_艾路雷朵-超级艾路雷朵,0475,艾路雷朵-超级艾路雷朵,0475-艾路雷朵-超级艾路雷朵.png,0475-艾路雷朵-超级艾路雷朵-shiny.png
0476_大朝北鼻,0476,大朝北鼻,0476-大朝北鼻.png,0476-大朝北鼻-shiny.png
0477_黑夜魔灵,0477,黑夜魔灵,0477-黑夜魔灵.png,0477-黑夜魔灵-shiny.png
0478_雪妖女,0478,雪妖女,0478-雪妖女.png,0478-雪妖女-shiny.png
0479_洛托姆-洛托姆,0479,洛托姆-洛托姆,0479-洛托姆-洛托姆.png,0479-洛托姆-洛托姆-shiny.png
0479_洛托姆-加热,0479,洛托姆-加热,0479-洛托姆-加热.png,0479-洛托姆-加热-shiny.png
0479_洛托姆-清洗,0479,洛托姆-清洗,0479-洛托姆-清洗.png,0479-洛托姆-清洗-shiny.png
0479_洛托姆-结冰,0479,洛托姆-结冰,0479-洛托姆-结冰.png,0479-洛托姆-结冰-shiny.png
0479_洛托姆-旋转,0479,洛托姆-旋转,0479-洛托姆-旋转.png,0479-洛托姆-旋转-shiny.png
0479_洛托姆-切割,0479,洛托姆-切割,0479-洛托姆-切割.png,0479-洛托姆-切割-shiny.png
0480_由克希,0480,由克希,0480-由克希.png,0480-由克希-shiny.png
0481_艾姆利多,0481,艾姆利多,0481-艾姆利多.png,0481-艾姆利多-shiny.png
0482_亚克诺姆,0482,亚克诺姆,0482-亚克诺姆.png,0482-亚克诺姆-shiny.png
0483_帝牙卢卡,0483,帝牙卢卡,0483-帝牙卢卡.png,0483-帝牙卢卡-shiny.png
0483_帝牙卢卡-起源形态,0483,帝牙卢卡-起源形态,0483-帝牙卢卡-起源形态.png,0483-帝牙卢卡-起源形态-shiny.png
0484_帕路奇亚,0484,帕路奇亚,0484-帕路奇亚.png,0484-帕路奇亚-shiny.png
0484_帕路奇亚-起源形态,0484,帕路奇亚-起源形态,0484-帕路奇亚-起源形态.png,0484-帕路奇亚-起源形态-shiny.png
0485_席多蓝恩,0485,席多蓝恩,0485-席多蓝恩.png,0485-席多蓝恩-shiny.png
0486_雷吉奇卡斯,0486,雷吉奇卡斯,0486-雷吉奇卡斯.png,0486-雷吉奇卡斯-shiny.png
0487_骑拉帝纳-别种形态,0487,骑拉帝纳-别种形态,0487-骑拉帝纳-别种形态.png,0487-骑拉帝纳-别种形态-shiny.png
0487_骑拉帝纳-起源形态,0487,骑拉帝纳-起源形态,0487-骑拉帝纳-起源形态.png,0487-骑拉帝纳-起源形态-shiny.png
0488_克雷色利亚,0488,克雷色利亚,0488-克雷色利亚.png,0488-克雷色利亚-shiny.png
0489_霏欧纳,0489,霏欧纳,0489-霏欧纳.png,0489-霏欧纳-shiny.png
0490_玛纳霏,0490,玛纳霏,0490-玛纳霏.png,0490-玛纳霏-shiny.png
0491_达克莱伊,0491,达克莱伊,0491-达克莱伊.png,0491-达克莱伊-shiny.png
0492_谢米-陆上形态,0492,谢米-陆上形态,0492-谢米-陆上形态.png,0492-谢米-陆上形态-shiny.png
0492_谢米-天空形态,0492,谢米-天空形态,0492-谢米-天空形态.png,0492-谢米-天空形态-shiny.png
0493_阿尔宙斯-一般属性,0493,阿尔宙斯-一般属性,0493-阿尔宙斯-一般属性.png,0493-阿尔宙斯-一般属性-shiny.png
0493_阿尔宙斯-格斗属性,0493,阿尔宙斯-格斗属性,0493-阿尔宙斯-格斗属性.png,0493-阿尔宙斯-格斗属性-shiny.png
0493_阿尔宙斯-飞行属性,0493,阿尔宙斯-飞行属性,0493-阿尔宙斯-飞行属性.png,0493-阿尔宙斯-飞行属性-shiny.png
0493_阿尔宙斯-毒属性,0493,阿尔宙斯-毒属性,0493-阿尔宙斯-毒属性.png,0493-阿尔宙斯-毒属性-shiny.png
0493_阿尔宙斯-地面属性,0493,阿尔宙斯-地面属性,0493-阿尔宙斯-地面属性.png,0493-阿尔宙斯-地面属性-shiny.png
0493_阿尔宙斯-岩石属性,0493,阿尔宙斯-岩石属性,0493-阿尔宙斯-岩石属性.png,0493-阿尔宙斯-岩石属性-shiny.png
0493_阿尔宙斯-虫属性,0493,阿尔宙斯-虫属性,0493-阿尔宙斯-虫属性.png,0493-阿尔宙斯-虫属性-shiny.png
0493_阿尔宙斯-幽灵属性,0493,阿尔宙斯-幽灵属性,0493-阿尔宙斯-幽灵属性.png,0493-阿尔宙斯-幽灵属性-shiny.png
0493_阿尔宙斯-钢属性,0493,阿尔宙斯-钢属性,0493-阿尔宙斯-钢属性.png,0493-阿尔宙斯-钢属性-shiny.png
0493_阿尔宙斯-火属性,0493,阿尔宙斯-火属性,0493-阿尔宙斯-火属性.png,0493-阿尔宙斯-火属性-shiny.png
0493_阿尔宙斯-水属性,0493,阿尔宙斯-水属性,0493-阿尔宙斯-水属性.png,0493-阿尔宙斯-水属性-shiny.png
0493_阿尔宙斯-草属性,0493,阿尔宙斯-草属性,0493-阿尔宙斯-草属性.png,0493-阿尔宙斯-草属性-shiny.png
0493_阿尔宙斯-电属性,0493,阿尔宙斯-电属性,0493-阿尔宙斯-电属性.png,0493-阿尔宙斯-电属性-shiny.png
0493_阿尔宙斯-超能力属性,0493,阿尔宙斯-超能力属性,0493-阿尔宙斯-超能力属性.png,0493-阿尔宙斯-超能力属性-shiny.png
0493_阿尔宙斯-冰属性,0493,阿尔宙斯-冰属性,0493-阿尔宙斯-冰属性.png,0493-阿尔宙斯-冰属性-shiny.png
0493_阿尔宙斯-龙属性,0493,阿尔宙斯-龙属性,0493-阿尔宙斯-龙属性.png,0493-阿尔宙斯-龙属性-shiny.png
0493_阿尔宙斯-恶属性,0493,阿尔宙斯-恶属性,0493-阿尔宙斯-恶属性.png,0493-阿尔宙斯-恶属性-shiny.png
0493_阿尔宙斯-妖精属性,0493,阿尔宙斯-妖精属性,0493-阿尔宙斯-妖精属性.png,0493-阿尔宙斯-妖精属性-shiny.png
0494_比克提尼,0494,比克提尼,0494-比克提尼.png,0494-比克提尼-shiny.png
0495_藤藤蛇,0495,藤藤蛇,0495-藤藤蛇.png,0495-藤藤蛇-shiny.png
0496_青藤蛇,0496,青藤蛇,0496-青藤蛇.png,0496-青藤蛇-shiny.png
0497_君主蛇,0497,君主蛇,0497-君主蛇.png,0497-君主蛇-shiny.png
0498_暖暖猪,0498,暖暖猪,0498-暖暖猪.png,0498-暖暖猪-shiny.png
0499_炒炒猪,0499,炒炒猪,0499-炒炒猪.png,0499-炒炒猪-shiny.png
0500_炎武王,0500,炎武王,0500-炎武王.png,0500-炎武王-shiny.png
0501_水水獭,0501,水水獭,0501-水水獭.png,0501-水水獭-shiny.png
0502_双刃丸,0502,双刃丸,0502-双刃丸.png,0502-双刃丸-shiny.png
0503_大剑鬼,0503,大剑鬼,0503-大剑鬼.png,0503-大剑鬼-shiny.png
0503_大剑鬼-洗翠的样子,0503,大剑鬼-洗翠的样子,0503-大剑鬼-洗翠的样子.png,0503-大剑鬼-洗翠的样子-shiny.png
0504_探探鼠,0504,探探鼠,0504-探探鼠.png,0504-探探鼠-shiny.png
0505_步哨鼠,0505,步哨鼠,0505-步哨鼠.png,0505-步哨鼠-shiny.png
0506_小约克,0506,小约克,0506-小约克.png,0506-小约克-shiny.png
0507_哈约克,0507,哈约克,0507-哈约克.png,0507-哈约克-shiny.png
0508_长毛狗,0508,长毛狗,0508-长毛狗.png,0508-长毛狗-shiny.png
0509_扒手猫,0509,扒手猫,0509-扒手猫.png,0509-扒手猫-shiny.png
0510_酷豹,0510,酷豹,0510-酷豹.png,0510-酷豹-shiny.png
0511_花椰猴,0511,花椰猴,0511-花椰猴.png,0511-花椰猴-shiny.png
0512_花椰猿,0512,花椰猿,0512-花椰猿.png,0512-花椰猿-shiny.png
0513_爆香猴,0513,爆香猴,0513-爆香猴.png,0513-爆香猴-shiny.png
0514_爆香猿,0514,爆香猿,0514-爆香猿.png,0514-爆香猿-shiny.png
0515_冷水猴,0515,冷水猴,0515-冷水猴.png,0515-冷水猴-shiny.png
0516_冷水猿,0516,冷水猿,0516-冷水猿.png,0516-冷水猿-shiny.png
0517_食梦梦,0517,食梦梦,0517-食梦梦.png,0517-食梦梦-shiny.png
0518_梦梦蚀,0518,梦梦蚀,0518-梦梦蚀.png,0518-梦梦蚀-shiny.png
0519_豆豆鸽,0519,豆豆鸽,0519-豆豆鸽.png,0519-豆豆鸽-shiny.png
0520_咕咕鸽,0520,咕咕鸽,0520-咕咕鸽.png,0520-咕咕鸽-shiny.png
0521_高傲雉鸡-雄性,0521,高傲雉鸡-雄性,0521-高傲雉鸡-雄性.png,0521-高傲雉鸡-雄性-shiny.png
0521_高傲雉鸡-雌性,0521,高傲雉鸡-雌性,0521-高傲雉鸡-雌性.png,0521-高傲雉鸡-雌性-shiny.png
0522_斑斑马,0522,斑斑马,0522-斑斑马.png,0522-斑斑马-shiny.png
0523_雷电斑马,0523,雷电斑马,0523-雷电斑马.png,0523-雷电斑马-shiny.png
0524_石丸子,0524,石丸子,0524-石丸子.png,0524-石丸子-shiny.png
0525_地幔岩,0525,地幔岩,0525-地幔岩.png,0525-地幔岩-shiny.png
0526_庞岩怪,0526,庞岩怪,0526-庞岩怪.png,0526-庞岩怪-shiny.png
0527_滚滚蝙蝠,0527,滚滚蝙蝠,0527-滚滚蝙蝠.png,0527-滚滚蝙蝠-shiny.png
0528_心蝙蝠,0528,心蝙蝠,0528-心蝙蝠.png,0528-心蝙蝠-shiny.png
0529_螺钉地鼠,0529,螺钉地鼠,0529-螺钉地鼠.png,0529-螺钉地鼠-shiny.png
0530_龙头地鼠,0530,龙头地鼠,0530-龙头地鼠.png,0530-龙头地鼠-shiny.png
0531_差不多娃娃,0531,差不多娃娃,0531-差不多娃娃.png,0531-差不多娃娃-shiny.png
0531_差不多娃娃-超级差不多娃娃,0531,差不多娃娃-超级差不多娃娃,0531-差不多娃娃-超级差不多娃娃.png,0531-差不多娃娃-超级差不多娃娃-shiny.png
0532_搬运小匠,0532,搬运小匠,0532-搬运小匠.png,0532-搬运小匠-shiny.png
0533_铁骨土人,0533,铁骨土人,0533-铁骨土人.png,0533-铁骨土人-shiny.png
0534_修建老匠,0534,修建老匠,0534-修建老匠.png,0534-修建老匠-shiny.png
0535_圆蝌蚪,0535,圆蝌蚪,0535-圆蝌蚪.png,0535-圆蝌蚪-shiny.png
0536_蓝蟾蜍,0536,蓝蟾蜍,0536-蓝蟾蜍.png,0536-蓝蟾蜍-shiny.png
0537_蟾蜍王,0537,蟾蜍王,0537-蟾蜍王.png,0537-蟾蜍王-shiny.png
0538_投摔鬼,0538,投摔鬼,0538-投摔鬼.png,0538-投摔鬼-shiny.png
0539_打击鬼,0539,打击鬼,0539-打击鬼.png,0539-打击鬼-shiny.png
0540_虫宝包,0540,虫宝包,0540-虫宝包.png,0540-虫宝包-shiny.png
0541_宝包茧,0541,宝包茧,0541-宝包茧.png,0541-宝包茧-shiny.png
0542_保姆虫,0542,保姆虫,0542-保姆虫.png,0542-保姆虫-shiny.png
0543_百足蜈蚣,0543,百足蜈蚣,0543-百足蜈蚣.png,0543-百足蜈蚣-shiny.png
0544_车轮球,0544,车轮球,0544-车轮球.png,0544-车轮球-shiny.png
0545_蜈蚣王,0545,蜈蚣王,0545-蜈蚣王.png,0545-蜈蚣王-shiny.png
0546_木棉球,0546,木棉球,0546-木棉球.png,0546-木棉球-shiny.png
0547_风妖精,0547,风妖精,0547-风妖精.png,0547-风妖精-shiny.png
0548_百合根娃娃,0548,百合根娃娃,0548-百合根娃娃.png,0548-百合根娃娃-shiny.png
0549_裙儿小姐,0549,裙儿小姐,0549-裙儿小姐.png,0549-裙儿小姐-shiny.png
0549_裙儿小姐-洗翠的样子,0549,裙儿小姐-洗翠的样子,0549-裙儿小姐-洗翠的样子.png,0549-裙儿小姐-洗翠的样子-shiny.png
0550_野蛮鲈鱼-红条纹的样子,0550,野蛮鲈鱼-红条纹的样子,0550-野蛮鲈鱼-红条纹的样子.png,0550-野蛮鲈鱼-红条纹的样子-shiny.png
0550_野蛮鲈鱼-蓝条纹的样子,0550,野蛮鲈鱼-蓝条纹的样子,0550-野蛮鲈鱼-蓝条纹的样子.png,0550-野蛮鲈鱼-蓝条纹的样子-shiny.png
0550_野蛮鲈鱼-白条纹的样子,0550,野蛮鲈鱼-白条纹的样子,0550-野蛮鲈鱼-白条纹的样子.png,0550-野蛮鲈鱼-白条纹的样子-shiny.png
0551_黑眼鳄,0551,黑眼鳄,0551-黑眼鳄.png,0551-黑眼鳄-shiny.png
0552_混混鳄,0552,混混鳄,0552-混混鳄.png,0552-混混鳄-shiny.png
0553_流氓鳄,0553,流氓鳄,0553-流氓鳄.png,0553-流氓鳄-shiny.png
0554_火红不倒翁,0554,火红不倒翁,0554-火红不倒翁.png,0554-火红不倒翁-shiny.png
0555_达摩狒狒-普通模式,0555,达摩狒狒-普通模式,0555-达摩狒狒-普通模式.png,0555-达摩狒狒-普通模式-shiny.png
0555_达摩狒狒-达摩模式,0555,达摩狒狒-达摩模式,0555-达摩狒狒-达摩模式.png,0555-达摩狒狒-达摩模式-shiny.png
0555_达摩狒狒-伽勒尔的样子普通模式,0555,达摩狒狒-伽勒尔的样子普通模式,0555-达摩狒狒-伽勒尔的样子普通模式.png,0555-达摩狒狒-伽勒尔的样子普通模式-shiny.png
0555_达摩狒狒-伽勒尔的样子达摩模式,0555,达摩狒狒-伽勒尔的样子达摩模式,0555-达摩狒狒-伽勒尔的样子达摩模式.png,0555-达摩狒狒-伽勒尔的样子达摩模式-shiny.png
0556_沙铃仙人掌,0556,沙铃仙人掌,0556-沙铃仙人掌.png,0556-沙铃仙人掌-shiny.png
0557_石居蟹,0557,石居蟹,0557-石居蟹.png,0557-石居蟹-shiny.png
0558_岩殿居蟹,0558,岩殿居蟹,0558-岩殿居蟹.png,0558-岩殿居蟹-shiny.png
0559_滑滑小子,0559,滑滑小子,0559-滑滑小子.png,0559-滑滑小子-shiny.png
0560_头巾混混,0560,头巾混混,0560-头巾混混.png,0560-头巾混混-shiny.png
0561_象征鸟,0561,象征鸟,0561-象征鸟.png,0561-象征鸟-shiny.png
0562_哭哭面具,0562,哭哭面具,0562-哭哭面具.png,0562-哭哭面具-shiny.png
0562_哭哭面具-伽勒尔的样子,0562,哭哭面具-伽勒尔的样子,0562-哭哭面具-伽勒尔的样子.png,0562-哭哭面具-伽勒尔的样子-shiny.png
0563_死神棺,0563,死神棺,0563-死神棺.png,0563-死神棺-shiny.png
0564_原盖海龟,0564,原盖海龟,0564-原盖海龟.png,0564-原盖海龟-shiny.png
0565_肋骨海龟,0565,肋骨海龟,0565-肋骨海龟.png,0565-肋骨海龟-shiny.png
0566_始祖小鸟,0566,始祖小鸟,0566-始祖小鸟.png,0566-始祖小鸟-shiny.png
0567_始祖大鸟,0567,始祖大鸟,0567-始祖大鸟.png,0567-始祖大鸟-shiny.png
0568_破破袋,0568,破破袋,0568-破破袋.png,0568-破破袋-shiny.png
0569_灰尘山,0569,灰尘山,0569-灰尘山.png,0569-灰尘山-shiny.png
0569_灰尘山-超极巨化,0569,灰尘山-超极巨化,0569-灰尘山-超极巨化.png,0569-灰尘山-超极巨化-shiny.png
0570_索罗亚,0570,索罗亚,0570-索罗亚.png,0570-索罗亚-shiny.png
0570_索罗亚-洗翠的样子,0570,索罗亚-洗翠的样子,0570-索罗亚-洗翠的样子.png,0570-索罗亚-洗翠的样子-shiny.png
0571_索罗亚克,0571,索罗亚克,0571-索罗亚克.png,0571-索罗亚克-shiny.png
0571_索罗亚克-洗翠的样子,0571,索罗亚克-洗翠的样子,0571-索罗亚克-洗翠的样子.png,0571-索罗亚克-洗翠的样子-shiny.png
0572_泡沫栗鼠,0572,泡沫栗鼠,0572-泡沫栗鼠.png,0572-泡沫栗鼠-shiny.png
0573_奇诺栗鼠,0573,奇诺栗鼠,0573-奇诺栗鼠.png,0573-奇诺栗鼠-shiny.png
0574_哥德宝宝,0574,哥德宝宝,0574-哥德宝宝.png,0574-哥德宝宝-shiny.png
0575_哥德小童,0575,哥德小童,0575-哥德小童.png,0575-哥德小童-shiny.png
0576_哥德小姐,0576,哥德小姐,0576-哥德小姐.png,0576-哥德小姐-shiny.png
0577_单卵细胞球,0577,单卵细胞球,0577-单卵细胞球.png,0577-单卵细胞球-shiny.png
0578_双卵细胞球,0578,双卵细胞球,0578-双卵细胞球.png,0578-双卵细胞球-shiny.png
0579_人造细胞卵,0579,人造细胞卵,0579-人造细胞卵.png,0579-人造细胞卵-shiny.png
0580_鸭宝宝,0580,鸭宝宝,0580-鸭宝宝.png,0580-鸭宝宝-shiny.png
0581_舞天鹅,0581,舞天鹅,0581-舞天鹅.png,0581-舞天鹅-shiny.png
0582_迷你冰,0582,迷你冰,0582-迷你冰.png,0582-迷你冰-shiny.png
0583_多多冰,0583,多多冰,0583-多多冰.png,0583-多多冰-shiny.png
0584_双倍多多冰,0584,双倍多多冰,0584-双倍多多冰.png,0584-双倍多多冰-shiny.png
0585_四季鹿-春天的样子,0585,四季鹿-春天的样子,0585-四季鹿-春天的样子.png,0585-四季鹿-春天的样子-shiny.png
0585_四季鹿-夏天的样子,0585,四季鹿-夏天的样子,0585-四季鹿-夏天的样子.png,0585-四季鹿-夏天的样子-shiny.png
0585_四季鹿-秋天的样子,0585,四季鹿-秋天的样子,0585-四季鹿-秋天的样子.png,0585-四季鹿-秋天的样子-shiny.png
0585_四季鹿-冬天的样子,0585,四季鹿-冬天的样子,0585-四季鹿-冬天的样子.png,0585-四季鹿-冬天的样子-shiny.png
0586_萌芽鹿-春天的样子,0586,萌芽鹿-春天的样子,0586-萌芽鹿-春天的样子.png,0586-萌芽鹿-春天的样子-shiny.png
0586_萌芽鹿-夏天的样子,0586,萌芽鹿-夏天的样子,0586-萌芽鹿-夏天的样子.png,0586-萌芽鹿-夏天的样子-shiny.png
0586_萌芽鹿-秋天的样子,0586,萌芽鹿-秋天的样子,0586-萌芽鹿-秋天的样子.png,0586-萌芽鹿-秋天的样子-shiny.png
0586_萌芽鹿-冬天的样子,0586,萌芽鹿-冬天的样子,0586-萌芽鹿-冬天的样子.png,0586-萌芽鹿-冬天的样子-shiny.png
0587_电飞鼠,0587,电飞鼠,0587-电飞鼠.png,0587-电飞鼠-shiny.png
0588_盖盖虫,0588,盖盖虫,0588-盖盖虫.png,0588-盖盖虫-shiny.png
0589_骑士蜗牛,0589,骑士蜗牛,0589-骑士蜗牛.png,0589-骑士蜗牛-shiny.png
0590_哎呀球菇,0590,哎呀球菇,0590-哎呀球菇.png,0590-哎呀球菇-shiny.png
0591_败露球菇,0591,败露球菇,0591-败露球菇.png,0591-败露球菇-shiny.png
0592_轻飘飘-雄性,0592,轻飘飘-雄性,0592-轻飘飘-雄性.png,0592-轻飘飘-雄性-shiny.png
0592_轻飘飘-雌性,0592,轻飘飘-雌性,0592-轻飘飘-雌性.png,0592-轻飘飘-雌性-shiny.png
0593_胖嘟嘟-雄性,0593,胖嘟嘟-雄性,0593-胖嘟嘟-雄性.png,0593-胖嘟嘟-雄性-shiny.png
0593_胖嘟嘟-雌性,0593,胖嘟嘟-雌性,0593-胖嘟嘟-雌性.png,0593-胖嘟嘟-雌性-shiny.png
0594_保姆曼波,0594,保姆曼波,0594-保姆曼波.png,0594-保姆曼波-shiny.png
0595_电电虫,0595,电电虫,0595-电电虫.png,0595-电电虫-shiny.png
0596_电蜘蛛,0596,电蜘蛛,0596-电蜘蛛.png,0596-电蜘蛛-shiny.png
0597_种子铁球,0597,种子铁球,0597-种子铁球.png,0597-种子铁球-shiny.png
0598_坚果哑铃,0598,坚果哑铃,0598-坚果哑铃.png,0598-坚果哑铃-shiny.png
0599_齿轮儿,0599,齿轮儿,0599-齿轮儿.png,0599-齿轮儿-shiny.png
0600_齿轮组,0600,齿轮组,0600-齿轮组.png,0600-齿轮组-shiny.png
0601_齿轮怪,0601,齿轮怪,0601-齿轮怪.png,0601-齿轮怪-shiny.png
0602_麻麻小鱼,0602,麻麻小鱼,0602-麻麻小鱼.png,0602-麻麻小鱼-shiny.png
0603_麻麻鳗,0603,麻麻鳗,0603-麻麻鳗.png,0603-麻麻鳗-shiny.png
0604_麻麻鳗鱼王,0604,麻麻鳗鱼王,0604-麻麻鳗鱼王.png,0604-麻麻鳗鱼王-shiny.png
0605_小灰怪,0605,小灰怪,0605-小灰怪.png,0605-小灰怪-shiny.png
0606_大宇怪,0606,大宇怪,0606-大宇怪.png,0606-大宇怪-shiny.png
0607_烛光灵,0607,烛光灵,0607-烛光灵.png,0607-烛光灵-shiny.png
0608_灯火幽灵,0608,灯火幽灵,0608-灯火幽灵.png,0608-灯火幽灵-shiny.png
0609_水晶灯火灵,0609,水晶灯火灵,0609-水晶灯火灵.png,0609-水晶灯火灵-shiny.png
0610_牙牙,0610,牙牙,0610-牙牙.png,0610-牙牙-shiny.png
0611_斧牙龙,0611,斧牙龙,0611-斧牙龙.png,0611-斧牙龙-shiny.png
0612_双斧战龙,0612,双斧战龙,0612-双斧战龙.png,0612-双斧战龙-shiny.png
0613_喷嚏熊,0613,喷嚏熊,0613-喷嚏熊.png,0613-喷嚏熊-shiny.png
0614_冻原熊,0614,冻原熊,0614-冻原熊.png,0614-冻原熊-shiny.png
0615_几何雪花,0615,几何雪花,0615-几何雪花.png,0615-几何雪花-shiny.png
0616_小嘴蜗,0616,小嘴蜗,0616-小嘴蜗.png,0616-小嘴蜗-shiny.png
0617_敏捷虫,0617,敏捷虫,0617-敏捷虫.png,0617-敏捷虫-shiny.png
0618_泥巴鱼,0618,泥巴鱼,0618-泥巴鱼.png,0618-泥巴鱼-shiny.png
0618_泥巴鱼-伽勒尔的样子,0618,泥巴鱼-伽勒尔的样子,0618-泥巴鱼-伽勒尔的样子.png,0618-泥巴鱼-伽勒尔的样子-shiny.png
0619_功夫鼬,0619,功夫鼬,0619-功夫鼬.png,0619-功夫鼬-shiny.png
0620_师父鼬,0620,师父鼬,0620-师父鼬.png,0620-师父鼬-shiny.png
0621_赤面龙,0621,赤面龙,0621-赤面龙.png,0621-赤面龙-shiny.png
0622_泥偶小人,0622,泥偶小人,0622-泥偶小人.png,0622-泥偶小人-shiny.png
0623_泥偶巨人,0623,泥偶巨人,0623-泥偶巨人.png,0623-泥偶巨人-shiny.png
0624_驹刀小兵,0624,驹刀小兵,0624-驹刀小兵.png,0624-驹刀小兵-shiny.png
0625_劈斩司令,0625,劈斩司令,0625-劈斩司令.png,0625-劈斩司令-shiny.png
0626_爆炸头水牛,0626,爆炸头水牛,0626-爆炸头水牛.png,0626-爆炸头水牛-shiny.png
0627_毛头小鹰,0627,毛头小鹰,0627-毛头小鹰.png,0627-毛头小鹰-shiny.png
0628_勇士雄鹰,0628,勇士雄鹰,0628-勇士雄鹰.png,0628-勇士雄鹰-shiny.png
0628_勇士雄鹰-洗翠的样子,0628,勇士雄鹰-洗翠的样子,0628-勇士雄鹰-洗翠的样子.png,0628-勇士雄鹰-洗翠的样子-shiny.png
0629_秃鹰丫头,0629,秃鹰丫头,0629-秃鹰丫头.png,0629-秃鹰丫头-shiny.png
0630_秃鹰娜,0630,秃鹰娜,0630-秃鹰娜.png,0630-秃鹰娜-shiny.png
0631_熔蚁兽,0631,熔蚁兽,0631-熔蚁兽.png,0631-熔蚁兽-shiny.png
0632_铁蚁,0632,铁蚁,0632-铁蚁.png,0632-铁蚁-shiny.png
0633_单首龙,0633,单首龙,0633-单首龙.png,0633-单首龙-shiny.png
0634_双首暴龙,0634,双首暴龙,0634-双首暴龙.png,0634-双首暴龙-shiny.png
0635_三首恶龙,0635,三首恶龙,0635-三首恶龙.png,0635-三首恶龙-shiny.png
0636_燃烧虫,0636,燃烧虫,0636-燃烧虫.png,0636-燃烧虫-shiny.png
0637_火神蛾,0637,火神蛾,0637-火神蛾.png,0637-火神蛾-shiny.png
0638_勾帕路翁,0638,勾帕路翁,0638-勾帕路翁.png,0638-勾帕路翁-shiny.png
0639_代拉基翁,0639,代拉基翁,0639-代拉基翁.png,0639-代拉基翁-shiny.png
0640_毕力吉翁,0640,毕力吉翁,0640-毕力吉翁.png,0640-毕力吉翁-shiny.png
0641_龙卷云-化身形态,0641,龙卷云-化身形态,0641-龙卷云-化身形态.png,0641-龙卷云-化身形态-shiny.png
0641_龙卷云-灵兽形态,0641,龙卷云-灵兽形态,0641-龙卷云-灵兽形态.png,0641-龙卷云-灵兽形态-shiny.png
0642_雷电云-化身形态,0642,雷电云-化身形态,0642-雷电云-化身形态.png,0642-雷电云-化身形态-shiny.png
0642_雷电云-灵兽形态,0642,雷电云-灵兽形态,0642-雷电云-灵兽形态.png,0642-雷电云-灵兽形态-shiny.png
0643_莱希拉姆,0643,莱希拉姆,0643-莱希拉姆.png,0643-莱希拉姆-shiny.png
0644_捷克罗姆,0644,捷克罗姆,0644-捷克罗姆.png,0644-捷克罗姆-shiny.png
0645_土地云-化身形态,0645,土地云-化身形态,0645-土地云-化身形态.png,0645-土地云-化身形态-shiny.png
0645_土地云-灵兽形态,0645,土地云-灵兽形态,0645-土地云-灵兽形态.png,0645-土地云-灵兽形态-shiny.png
0646_酋雷姆-酋雷姆的样子,0646,酋雷姆-酋雷姆的样子,0646-酋雷姆-酋雷姆的样子.png,0646-酋雷姆-酋雷姆的样子-shiny.png
0646_酋雷姆-暗黑酋雷姆,0646,酋雷姆-暗黑酋雷姆,0646-酋雷姆-暗黑酋雷姆.png,0646-酋雷姆-暗黑酋雷姆-shiny.png
0646_酋雷姆-焰白酋雷姆,0646,酋雷姆-焰白酋雷姆,0646-酋雷姆-焰白酋雷姆.png,0646-酋雷姆-焰白酋雷姆-shiny.png
0647_凯路迪欧-平常的样子,0647,凯路迪欧-平常的样子,0647-凯路迪欧-平常的样子.png,0647-凯路迪欧-平常的样子-shiny.png
0647_凯路迪欧-觉悟的样子,0647,凯路迪欧-觉悟的样子,0647-凯路迪欧-觉悟的样子.png,0647-凯路迪欧-觉悟的样子-shiny.png
0648_美洛耶塔-歌声形态,0648,美洛耶塔-歌声形态,0648-美洛耶塔-歌声形态.png,0648-美洛耶塔-歌声形态-shiny.png
0648_美洛耶塔-舞步形态,0648,美洛耶塔-舞步形态,0648-美洛耶塔-舞步形态.png,0648-美洛耶塔-舞步形态-shiny.png
0649_盖诺赛克特-盖诺赛克特的样子,0649,盖诺赛克特-盖诺赛克特的样子,0649-盖诺赛克特-盖诺赛克特的样子.png,0649-盖诺赛克特-盖诺赛克特的样子-shiny.png
0649_盖诺赛克特-携带闪电卡带,0649,盖诺赛克特-携带闪电卡带,0649-盖诺赛克特-携带闪电卡带.png,0649-盖诺赛克特-携带闪电卡带-shiny.png
0649_盖诺赛克特-携带火焰卡带,0649,盖诺赛克特-携带火焰卡带,0649-盖诺赛克特-携带火焰卡带.png,0649-盖诺赛克特-携带火焰卡带-shiny.png
0649_盖诺赛克特-携带冰冻卡带,0649,盖诺赛克特-携带冰冻卡带,0649-盖诺赛克特-携带冰冻卡带.png,0649-盖诺赛克特-携带冰冻卡带-shiny.png
0649_盖诺赛克特-携带水流卡带,0649,盖诺赛克特-携带水流卡带,0649-盖诺赛克特-携带水流卡带.png,0649-盖诺赛克特-携带水流卡带-shiny.png
0650_哈力栗,0650,哈力栗,0650-哈力栗.png,0650-哈力栗-shiny.png
0651_胖胖哈力,0651,胖胖哈力,0651-胖胖哈力.png,0651-胖胖哈力-shiny.png
0652_布里卡隆,0652,布里卡隆,0652-布里卡隆.png,0652-布里卡隆-shiny.png
0653_火狐狸,0653,火狐狸,0653-火狐狸.png,0653-火狐狸-shiny.png
0654_长尾火狐,0654,长尾火狐,0654-长尾火狐.png,0654-长尾火狐-shiny.png
0655_妖火红狐,0655,妖火红狐,0655-妖火红狐.png,0655-妖火红狐-shiny.png
0656_呱呱泡蛙,0656,呱呱泡蛙,0656-呱呱泡蛙.png,0656-呱呱泡蛙-shiny.png
0657_呱头蛙,0657,呱头蛙,0657-呱头蛙.png,0657-呱头蛙-shiny.png
0658_甲贺忍蛙,0658,甲贺忍蛙,0658-甲贺忍蛙.png,0658-甲贺忍蛙-shiny.png
0658_甲贺忍蛙-小智版甲贺忍蛙,0658,甲贺忍蛙-小智版甲贺忍蛙,0658-甲贺忍蛙-小智版甲贺忍蛙.png,0658-甲贺忍蛙-小智版甲贺忍蛙-shiny.png
0659_掘掘兔,0659,掘掘兔,0659-掘掘兔.png,0659-掘掘兔-shiny.png
0660_掘地兔,0660,掘地兔,0660-掘地兔.png,0660-掘地兔-shiny.png
0661_小箭雀,0661,小箭雀,0661-小箭雀.png,0661-小箭雀-shiny.png
0662_火箭雀,0662,火箭雀,0662-火箭雀.png,0662-火箭雀-shiny.png
0663_烈箭鹰,0663,烈箭鹰,0663-烈箭鹰.png,0663-烈箭鹰-shiny.png
0664_粉蝶虫,0664,粉蝶虫,0664-粉蝶虫.png,0664-粉蝶虫-shiny.png
0665_粉蝶蛹,0665,粉蝶蛹,0665-粉蝶蛹.png,0665-粉蝶蛹-shiny.png
0666_彩粉蝶-冰雪花纹,0666,彩粉蝶-冰雪花纹,0666-彩粉蝶-冰雪花纹.png,0666-彩粉蝶-冰雪花纹-shiny.png
0666_彩粉蝶-雪国花纹,0666,彩粉蝶-雪国花纹,0666-彩粉蝶-雪国花纹.png,0666-彩粉蝶-雪国花纹-shiny.png
0666_彩粉蝶-雪原花纹,0666,彩粉蝶-雪原花纹,0666-彩粉蝶-雪原花纹.png,0666-彩粉蝶-雪原花纹-shiny.png
0666_彩粉蝶-大陆花纹,0666,彩粉蝶-大陆花纹,0666-彩粉蝶-大陆花纹.png,0666-彩粉蝶-大陆花纹-shiny.png
0666_彩粉蝶-庭园花纹,0666,彩粉蝶-庭园花纹,0666-彩粉蝶-庭园花纹.png,0666-彩粉蝶-庭园花纹-shiny.png
0666_彩粉蝶-高雅花纹,0666,彩粉蝶-高雅花纹,0666-彩粉蝶-高雅花纹.png,0666-彩粉蝶-高雅花纹-shiny.png
0666_彩粉蝶-花园花纹,0666,彩粉蝶-花园花纹,0666-彩粉蝶-花园花纹.png,0666-彩粉蝶-花园花纹-shiny.png
0666_彩粉蝶-摩登花纹,0666,彩粉蝶-摩登花纹,0666-彩粉蝶-摩登花纹.png,0666-彩粉蝶-摩登花纹-shiny.png
0666_彩粉蝶-大海花纹,0666,彩粉蝶-大海花纹,0666-彩粉蝶-大海花纹.png,0666-彩粉蝶-大海花纹-shiny.png
0666_彩粉蝶-群岛花纹,0666,彩粉蝶-群岛花纹,0666-彩粉蝶-群岛花纹.png,0666-彩粉蝶-群岛花纹-shiny.png
0666_彩粉蝶-荒野花纹,0666,彩粉蝶-荒野花纹,0666-彩粉蝶-荒野花纹.png,0666-彩粉蝶-荒野花纹-shiny.png
0666_彩粉蝶-沙尘花纹,0666,彩粉蝶-沙尘花纹,0666-彩粉蝶-沙尘花纹.png,0666-彩粉蝶-沙尘花纹-shiny.png
0666_彩粉蝶-大河花纹,0666,彩粉蝶-大河花纹,0666-彩粉蝶-大河花纹.png,0666-彩粉蝶-大河花纹-shiny.png
0666_彩粉蝶-骤雨花纹,0666,彩粉蝶-骤雨花纹,0666-彩粉蝶-骤雨花纹.png,0666-彩粉蝶-骤雨花纹-shiny.png
0666_彩粉蝶-热带草原花纹,0666,彩粉蝶-热带草原花纹,0666-彩粉蝶-热带草原花纹.png,0666-彩粉蝶-热带草原花纹-shiny.png
0666_彩粉蝶-太阳花纹,0666,彩粉蝶-太阳花纹,0666-彩粉蝶-太阳花纹.png,0666-彩粉蝶-太阳花纹-shiny.png
0666_彩粉蝶-大洋花纹,0666,彩粉蝶-大洋花纹,0666-彩粉蝶-大洋花纹.png,0666-彩粉蝶-大洋花纹-shiny.png
0666_彩粉蝶-热带雨林花纹,0666,彩粉蝶-热带雨林花纹,0666-彩粉蝶-热带雨林花纹.png,0666-彩粉蝶-热带雨林花纹-shiny.png
0666_彩粉蝶-幻彩花纹,0666,彩粉蝶-幻彩花纹,0666-彩粉蝶-幻彩花纹.png,0666-彩粉蝶-幻彩花纹-shiny.png
0666_彩粉蝶-球球花纹,0666,彩粉蝶-球球花纹,0666-彩粉蝶-球球花纹.png,0666-彩粉蝶-球球花纹-shiny.png
0667_小狮狮,0667,小狮狮,0667-小狮狮.png,0667-小狮狮-shiny.png
0668_火炎狮-雄性,0668,火炎狮-雄性,0668-火炎狮-雄性.png,0668-火炎狮-雄性-shiny.png
0668_火炎狮-雌性,0668,火炎狮-雌性,0668-火炎狮-雌性.png,0668-火炎狮-雌性-shiny.png
0669_花蓓蓓-红花,0669,花蓓蓓-红花,0669-花蓓蓓-红花.png,0669-花蓓蓓-红花-shiny.png
0669_花蓓蓓-橙花,0669,花蓓蓓-橙花,0669-花蓓蓓-橙花.png,0669-花蓓蓓-橙花-shiny.png
0669_花蓓蓓-蓝花,0669,花蓓蓓-蓝花,0669-花蓓蓓-蓝花.png,0669-花蓓蓓-蓝花-shiny.png
0669_花蓓蓓-白花,0669,花蓓蓓-白花,0669-花蓓蓓-白花.png,0669-花蓓蓓-白花-shiny.png
0669_花蓓蓓-黄花,0669,花蓓蓓-黄花,0669-花蓓蓓-黄花.png,0669-花蓓蓓-黄花-shiny.png
0670_花叶蒂-红花,0670,花叶蒂-红花,0670-花叶蒂-红花.png,0670-花叶蒂-红花-shiny.png
0670_花叶蒂-橙花,0670,花叶蒂-橙花,0670-花叶蒂-橙花.png,0670-花叶蒂-橙花-shiny.png
0670_花叶蒂-蓝花,0670,花叶蒂-蓝花,0670-花叶蒂-蓝花.png,0670-花叶蒂-蓝花-shiny.png
0670_花叶蒂-白花,0670,花叶蒂-白花,0670-花叶蒂-白花.png,0670-花叶蒂-白花-shiny.png
0670_花叶蒂-黄花,0670,花叶蒂-黄花,0670-花叶蒂-黄花.png,0670-花叶蒂-黄花-shiny.png
0671_花洁夫人-红花,0671,花洁夫人-红花,0671-花洁夫人-红花.png,0671-花洁夫人-红花-shiny.png
0671_花洁夫人-橙花,0671,花洁夫人-橙花,0671-花洁夫人-橙花.png,0671-花洁夫人-橙花-shiny.png
0671_花洁夫人-蓝花,0671,花洁夫人-蓝花,0671-花洁夫人-蓝花.png,0671-花洁夫人-蓝花-shiny.png
0671_花洁夫人-白花,0671,花洁夫人-白花,0671-花洁夫人-白花.png,0671-花洁夫人-白花-shiny.png
0671_花洁夫人-黄花,0671,花洁夫人-黄花,0671-花洁夫人-黄花.png,0671-花洁夫人-黄花-shiny.png
0672_坐骑小羊,0672,坐骑小羊,0672-坐骑小羊.png,0672-坐骑小羊-shiny.png
0673_坐骑山羊,0673,坐骑山羊,0673-坐骑山羊.png,0673-坐骑山羊-shiny.png
0674_顽皮熊猫,0674,顽皮熊猫,0674-顽皮熊猫.png,0674-顽皮熊猫-shiny.png
0675_霸道熊猫,0675,霸道熊猫,0675-霸道熊猫.png,0675-霸道熊猫-shiny.png
0676_多丽米亚-野生的样子,0676,多丽米亚-野生的样子,0676-多丽米亚-野生的样子.png,0676-多丽米亚-野生的样子-shiny.png
0676_多丽米亚-心形造型,0676,多丽米亚-心形造型,0676-多丽米亚-心形造型.png,0676-多丽米亚-心形造型-shiny.png
0676_多丽米亚-星形造型,0676,多丽米亚-星形造型,0676-多丽米亚-星形造型.png,0676-多丽米亚-星形造型-shiny.png
0676_多丽米亚-菱形造型,0676,多丽米亚-菱形造型,0676-多丽米亚-菱形造型.png,0676-多丽米亚-菱形造型-shiny.png
0676_多丽米亚-淑女造型,0676,多丽米亚-淑女造型,0676-多丽米亚-淑女造型.png,0676-多丽米亚-淑女造型-shiny.png
0676_多丽米亚-贵妇造型,0676,多丽米亚-贵妇造型,0676-多丽米亚-贵妇造型.png,0676-多丽米亚-贵妇造型-shiny.png
0676_多丽米亚-绅士造型,0676,多丽米亚-绅士造型,0676-多丽米亚-绅士造型.png,0676-多丽米亚-绅士造型-shiny.png
0676_多丽米亚-女王造型,0676,多丽米亚-女王造型,0676-多丽米亚-女王造型.png,0676-多丽米亚-女王造型-shiny.png
0676_多丽米亚-歌舞伎造型,0676,多丽米亚-歌舞伎造型,0676-多丽米亚-歌舞伎造型.png,0676-多丽米亚-歌舞伎造型-shiny.png
0676_多丽米亚-国王造型,0676,多丽米亚-国王造型,0676-多丽米亚-国王造型.png,0676-多丽米亚-国王造型-shiny.png
0677_妙喵,0677,妙喵,0677-妙喵.png,0677-妙喵-shiny.png
0678_超能妙喵-雄性,0678,超能妙喵-雄性,0678-超能妙喵-雄性.png,0678-超能妙喵-雄性-shiny.png
0678_超能妙喵-雌性,0678,超能妙喵-雌性,0678-超能妙喵-雌性.png,0678-超能妙喵-雌性-shiny.png
0679_独剑鞘,0679,独剑鞘,0679-独剑鞘.png,0679-独剑鞘-shiny.png
0680_双剑鞘,0680,双剑鞘,0680-双剑鞘.png,0680-双剑鞘-shiny.png
0681_坚盾剑怪-盾牌形态,0681,坚盾剑怪-盾牌形态,0681-坚盾剑怪-盾牌形态.png,0681-坚盾剑怪-盾牌形态-shiny.png
0681_坚盾剑怪-刀剑形态,0681,坚盾剑怪-刀剑形态,0681-坚盾剑怪-刀剑形态.png,0681-坚盾剑怪-刀剑形态-shiny.png
0682_粉香香,0682,粉香香,0682-粉香香.png,0682-粉香香-shiny.png
0683_芳香精,0683,芳香精,0683-芳香精.png,0683-芳香精-shiny.png
0684_绵绵泡芙,0684,绵绵泡芙,0684-绵绵泡芙.png,0684-绵绵泡芙-shiny.png
0685_胖甜妮,0685,胖甜妮,0685-胖甜妮.png,0685-胖甜妮-shiny.png
0686_好啦鱿,0686,好啦鱿,0686-好啦鱿.png,0686-好啦鱿-shiny.png
0687_乌贼王,0687,乌贼王,0687-乌贼王.png,0687-乌贼王-shiny.png
0688_龟脚脚,0688,龟脚脚,0688-龟脚脚.png,0688-龟脚脚-shiny.png
0689_龟足巨铠,0689,龟足巨铠,0689-龟足巨铠.png,0689-龟足巨铠-shiny.png
0690_垃垃藻,0690,垃垃藻,0690-垃垃藻.png,0690-垃垃藻-shiny.png
0691_毒藻龙,0691,毒藻龙,0691-毒藻龙.png,0691-毒藻龙-shiny.png
0692_铁臂枪虾,0692,铁臂枪虾,0692-铁臂枪虾.png,0692-铁臂枪虾-shiny.png
0693_钢炮臂虾,0693,钢炮臂虾,0693-钢炮臂虾.png,0693-钢炮臂虾-shiny.png
0694_伞电蜥,0694,伞电蜥,0694-伞电蜥.png,0694-伞电蜥-shiny.png
0695_光电伞蜥,0695,光电伞蜥,0695-光电伞蜥.png,0695-光电伞蜥-shiny.png
0696_宝宝暴龙,0696,宝宝暴龙,0696-宝宝暴龙.png,0696-宝宝暴龙-shiny.png
0697_怪颚龙,0697,怪颚龙,0697-怪颚龙.png,0697-怪颚龙-shiny.png
0698_冰雪龙,0698,冰雪龙,0698-冰雪龙.png,0698-冰雪龙-shiny.png
0699_冰雪巨龙,0699,冰雪巨龙,0699-冰雪巨龙.png,0699-冰雪巨龙-shiny.png
0700_仙子伊布,0700,仙子伊布,0700-仙子伊布.png,0700-仙子伊布-shiny.png
0701_摔角鹰人,0701,摔角鹰人,0701-摔角鹰人.png,0701-摔角鹰人-shiny.png
0702_咚咚鼠,0702,咚咚鼠,0702-咚咚鼠.png,0702-咚咚鼠-shiny.png
0703_小碎钻,0703,小碎钻,0703-小碎钻.png,0703-小碎钻-shiny.png
0704_黏黏宝,0704,黏黏宝,0704-黏黏宝.png,0704-黏黏宝-shiny.png
0705_黏美儿,0705,黏美儿,0705-黏美儿.png,0705-黏美儿-shiny.png
0705_黏美儿-洗翠的样子,0705,黏美儿-洗翠的样子,0705-黏美儿-洗翠的样子.png,0705-黏美儿-洗翠的样子-shiny.png
0706_黏美龙,0706,黏美龙,0706-黏美龙.png,0706-黏美龙-shiny.png
0706_黏美龙-洗翠的样子,0706,黏美龙-洗翠的样子,0706-黏美龙-洗翠的样子.png,0706-黏美龙-洗翠的样子-shiny.png
0707_钥圈儿,0707,钥圈儿,0707-钥圈儿.png,0707-钥圈儿-shiny.png
0708_小木灵,0708,小木灵,0708-小木灵.png,0708-小木灵-shiny.png
0709_朽木妖,0709,朽木妖,0709-朽木妖.png,0709-朽木妖-shiny.png
0710_南瓜精-小尺寸,0710,南瓜精-小尺寸,0710-南瓜精-小尺寸.png,0710-南瓜精-小尺寸-shiny.png
0710_南瓜精-普通尺寸,0710,南瓜精-普通尺寸,0710-南瓜精-普通尺寸.png,0710-南瓜精-普通尺寸-shiny.png
0710_南瓜精-大尺寸,0710,南瓜精-大尺寸,0710-南瓜精-大尺寸.png,0710-南瓜精-大尺寸-shiny.png
0710_南瓜精-特大尺寸,0710,南瓜精-特大尺寸,0710-南瓜精-特大尺寸.png,0710-南瓜精-特大尺寸-shiny.png
0711_南瓜怪人-小尺寸,0711,南瓜怪人-小尺寸,0711-南瓜怪人-小尺寸.png,0711-南瓜怪人-小尺寸-shiny.png
0711_南瓜怪人-普通尺寸,0711,南瓜怪人-普通尺寸,0711-南瓜怪人-普通尺寸.png,0711-南瓜怪人-普通尺寸-shiny.png
0711_南瓜怪人-大尺寸,0711,南瓜怪人-大尺寸,0711-南瓜怪人-大尺寸.png,0711-南瓜怪人-大尺寸-shiny.png
0711_南瓜怪人-特大尺寸,0711,南瓜怪人-特大尺寸,0711-南瓜怪人-特大尺寸.png,0711-南瓜怪人-特大尺寸-shiny.png
0712_冰宝,0712,冰宝,0712-冰宝.png,0712-冰宝-shiny.png
0713_冰岩怪,0713,冰岩怪,0713-冰岩怪.png,0713-冰岩怪-shiny.png
0713_冰岩怪-洗翠的样子,0713,冰岩怪-洗翠的样子,0713-冰岩怪-洗翠的样子.png,0713-冰岩怪-洗翠的样子-shiny.png
0714_嗡蝠,0714,嗡蝠,0714-嗡蝠.png,0714-嗡蝠-shiny.png
0715_音波龙,0715,音波龙,0715-音波龙.png,0715-音波龙-shiny.png
0716_哲尔尼亚斯-活跃模式,0716,哲尔尼亚斯-活跃模式,0716-哲尔尼亚斯-活跃模式.png,0716-哲尔尼亚斯-活跃模式-shiny.png
0716_哲尔尼亚斯-放松模式,0716,哲尔尼亚斯-放松模式,0716-哲尔尼亚斯-放松模式.png,0716-哲尔尼亚斯-放松模式-shiny.png
0717_伊裴尔塔尔,0717,伊裴尔塔尔,0717-伊裴尔塔尔.png,0717-伊裴尔塔尔-shiny.png
0718_基格尔德-１０％形态,0718,基格尔德-１０％形态,0718-基格尔德-１０％形态.png,0718-基格尔德-１０％形态-shiny.png
0718_基格尔德-５０％形态,0718,基格尔德-５０％形态,0718-基格尔德-５０％形态.png,0718-基格尔德-５０％形态-shiny.png
0718_基格尔德-完全体形态,0718,基格尔德-完全体形态,0718-基格尔德-完全体形态.png,0718-基格尔德-完全体形态-shiny.png
0719_蒂安希,0719,蒂安希,0719-蒂安希.png,0719-蒂安希-shiny.png
0719_蒂安希-超级蒂安希,0719,蒂安希-超级蒂安希,0719-蒂安希-超级蒂安希.png,0719-蒂安希-超级蒂安希-shiny.png
0720_胡帕-惩戒胡帕,0720,胡帕-惩戒胡帕,0720-胡帕-惩戒胡帕.png,0720-胡帕-惩戒胡帕-shiny.png
0720_胡帕-解放胡帕,0720,胡帕-解放胡帕,0720-胡帕-解放胡帕.png,0720-胡帕-解放胡帕-shiny.png
0721_波尔凯尼恩,0721,波尔凯尼恩,0721-波尔凯尼恩.png,0721-波尔凯尼恩-shiny.png
0722_木木枭,0722,木木枭,0722-木木枭.png,0722-木木枭-shiny.png
0723_投羽枭,0723,投羽枭,0723-投羽枭.png,0723-投羽枭-shiny.png
0724_狙射树枭,0724,狙射树枭,0724-狙射树枭.png,0724-狙射树枭-shiny.png
0724_狙射树枭-洗翠的样子,0724,狙射树枭-洗翠的样子,0724-狙射树枭-洗翠的样子.png,0724-狙射树枭-洗翠的样子-shiny.png
0725_火斑喵,0725,火斑喵,0725-火斑喵.png,0725-火斑喵-shiny.png
0726_炎热喵,0726,炎热喵,0726-炎热喵.png,0726-炎热喵-shiny.png
0727_炽焰咆哮虎,0727,炽焰咆哮虎,0727-炽焰咆哮虎.png,0727-炽焰咆哮虎-shiny.png
0728_球球海狮,0728,球球海狮,0728-球球海狮.png,0728-球球海狮-shiny.png
0729_花漾海狮,0729,花漾海狮,0729-花漾海狮.png,0729-花漾海狮-shiny.png
0730_西狮海壬,0730,西狮海壬,0730-西狮海壬.png,0730-西狮海壬-shiny.png
0731_小笃儿,0731,小笃儿,0731-小笃儿.png,0731-小笃儿-shiny.png
0732_喇叭啄鸟,0732,喇叭啄鸟,0732-喇叭啄鸟.png,0732-喇叭啄鸟-shiny.png
0733_铳嘴大鸟,0733,铳嘴大鸟,0733-铳嘴大鸟.png,0733-铳嘴大鸟-shiny.png
0734_猫鼬少,0734,猫鼬少,0734-猫鼬少.png,0734-猫鼬少-shiny.png
0735_猫鼬探长,0735,猫鼬探长,0735-猫鼬探长.png,0735-猫鼬探长-shiny.png
0736_强颚鸡母虫,0736,强颚鸡母虫,0736-强颚鸡母虫.png,0736-强颚鸡母虫-shiny.png
0737_虫电宝,0737,虫电宝,0737-虫电宝.png,0737-虫电宝-shiny.png
0738_锹农炮虫,0738,锹农炮虫,0738-锹农炮虫.png,0738-锹农炮虫-shiny.png
0739_好胜蟹,0739,好胜蟹,0739-好胜蟹.png,0739-好胜蟹-shiny.png
0740_好胜毛蟹,0740,好胜毛蟹,0740-好胜毛蟹.png,0740-好胜毛蟹-shiny.png
0741_花舞鸟-热辣热辣风格,0741,花舞鸟-热辣热辣风格,0741-花舞鸟-热辣热辣风格.png,0741-花舞鸟-热辣热辣风格-shiny.png
0741_花舞鸟-啪滋啪滋风格,0741,花舞鸟-啪滋啪滋风格,0741-花舞鸟-啪滋啪滋风格.png,0741-花舞鸟-啪滋啪滋风格-shiny.png
0741_花舞鸟-呼拉呼拉风格,0741,花舞鸟-呼拉呼拉风格,0741-花舞鸟-呼拉呼拉风格.png,0741-花舞鸟-呼拉呼拉风格-shiny.png
0741_花舞鸟-轻盈轻盈风格,0741,花舞鸟-轻盈轻盈风格,0741-花舞鸟-轻盈轻盈风格.png,0741-花舞鸟-轻盈轻盈风格-shiny.png
0742_萌虻,0742,萌虻,0742-萌虻.png,0742-萌虻-shiny.png
0743_蝶结萌虻,0743,蝶结萌虻,0743-蝶结萌虻.png,0743-蝶结萌虻-shiny.png
0744_岩狗狗,0744,岩狗狗,0744-岩狗狗.png,0744-岩狗狗-shiny.png
0745_鬃岩狼人-白昼的样子,0745,鬃岩狼人-白昼的样子,0745-鬃岩狼人-白昼的样子.png,0745-鬃岩狼人-白昼的样子-shiny.png
0745_鬃岩狼人-黑夜的样子,0745,鬃岩狼人-黑夜的样子,0745-鬃岩狼人-黑夜的样子.png,0745-鬃岩狼人-黑夜的样子-shiny.png
0745_鬃岩狼人-黄昏的样子,0745,鬃岩狼人-黄昏的样子,0745-鬃岩狼人-黄昏的样子.png,0745-鬃岩狼人-黄昏的样子-shiny.png
0746_弱丁鱼-单独的样子,0746,弱丁鱼-单独的样子,0746-弱丁鱼-单独的样子.png,0746-弱丁鱼-单独的样子-shiny.png
0746_弱丁鱼-鱼群的样子,0746,弱丁鱼-鱼群的样子,0746-弱丁鱼-鱼群的样子.png,0746-弱丁鱼-鱼群的样子-shiny.png
0747_好坏星,0747,好坏星,0747-好坏星.png,0747-好坏星-shiny.png
0748_超坏星,0748,超坏星,0748-超坏星.png,0748-超坏星-shiny.png
0749_泥驴仔,0749,泥驴仔,0749-泥驴仔.png,0749-泥驴仔-shiny.png
0750_重泥挽马,0750,重泥挽马,0750-重泥挽马.png,0750-重泥挽马-shiny.png
0751_滴蛛,0751,滴蛛,0751-滴蛛.png,0751-滴蛛-shiny.png
0752_滴蛛霸,0752,滴蛛霸,0752-滴蛛霸.png,0752-滴蛛霸-shiny.png
0753_伪螳草,0753,伪螳草,0753-伪螳草.png,0753-伪螳草-shiny.png
0754_兰螳花,0754,兰螳花,0754-兰螳花.png,0754-兰螳花-shiny.png
0755_睡睡菇,0755,睡睡菇,0755-睡睡菇.png,0755-睡睡菇-shiny.png
0756_灯罩夜菇,0756,灯罩夜菇,0756-灯罩夜菇.png,0756-灯罩夜菇-shiny.png
0757_夜盗火蜥,0757,夜盗火蜥,0757-夜盗火蜥.png,0757-夜盗火蜥-shiny.png
0758_焰后蜥,0758,焰后蜥,0758-焰后蜥.png,0758-焰后蜥-shiny.png
0759_童偶熊,0759,童偶熊,0759-童偶熊.png,0759-童偶熊-shiny.png
0760_穿着熊,0760,穿着熊,0760-穿着熊.png,0760-穿着熊-shiny.png
0761_甜竹竹,0761,甜竹竹,0761-甜竹竹.png,0761-甜竹竹-shiny.png
0762_甜舞妮,0762,甜舞妮,0762-甜舞妮.png,0762-甜舞妮-shiny.png
0763_甜冷美后,0763,甜冷美后,0763-甜冷美后.png,0763-甜冷美后-shiny.png
0764_花疗环环,0764,花疗环环,0764-花疗环环.png,0764-花疗环环-shiny.png
0765_智挥猩,0765,智挥猩,0765-智挥猩.png,0765-智挥猩-shiny.png
0766_投掷猴,0766,投掷猴,0766-投掷猴.png,0766-投掷猴-shiny.png
0767_胆小虫,0767,胆小虫,0767-胆小虫.png,0767-胆小虫-shiny.png
0768_具甲武者,0768,具甲武者,0768-具甲武者.png,0768-具甲武者-shiny.png
0769_沙丘娃,0769,沙丘娃,0769-沙丘娃.png,0769-沙丘娃-shiny.png
0770_噬沙堡爷,0770,噬沙堡爷,0770-噬沙堡爷.png,0770-噬沙堡爷-shiny.png
0771_拳海参,0771,拳海参,0771-拳海参.png,0771-拳海参-shiny.png
0772_属性：空,0772,属性：空,0772-属性：空.png,0772-属性：空-shiny.png
0773_银伴战兽-属性：一般,0773,银伴战兽-属性：一般,0773-银伴战兽-属性：一般.png,0773-银伴战兽-属性：一般-shiny.png
0773_银伴战兽-属性：战斗,0773,银伴战兽-属性：战斗,0773-银伴战兽-属性：战斗.png,0773-银伴战兽-属性：战斗-shiny.png
0773_银伴战兽-属性：飞翔,0773,银伴战兽-属性：飞翔,0773-银伴战兽-属性：飞翔.png,0773-银伴战兽-属性：飞翔-shiny.png
0773_银伴战兽-属性：毒,0773,银伴战兽-属性：毒,0773-银伴战兽-属性：毒.png,0773-银伴战兽-属性：毒-shiny.png
0773_银伴战兽-属性：大地,0773,银伴战兽-属性：大地,0773-银伴战兽-属性：大地.png,0773-银伴战兽-属性：大地-shiny.png
0773_银伴战兽-属性：岩石,0773,银伴战兽-属性：岩石,0773-银伴战兽-属性：岩石.png,0773-银伴战兽-属性：岩石-shiny.png
0773_银伴战兽-属性：虫子,0773,银伴战兽-属性：虫子,0773-银伴战兽-属性：虫子.png,0773-银伴战兽-属性：虫子-shiny.png
0773_银伴战兽-属性：幽灵,0773,银伴战兽-属性：幽灵,0773-银伴战兽-属性：幽灵.png,0773-银伴战兽-属性：幽灵-shiny.png
0773_银伴战兽-属性：钢铁,0773,银伴战兽-属性：钢铁,0773-银伴战兽-属性：钢铁.png,0773-银伴战兽-属性：钢铁-shiny.png
0773_银伴战兽-属性：火焰,0773,银伴战兽-属性：火焰,0773-银伴战兽-属性：火焰.png,0773-银伴战兽-属性：火焰-shiny.png
0773_银伴战兽-属性：清水,0773,银伴战兽-属性：清水,0773-银伴战兽-属性：清水.png,0773-银伴战兽-属性：清水-shiny.png
0773_银伴战兽-属性：青草,0773,银伴战兽-属性：青草,0773-银伴战兽-属性：青草.png,0773-银伴战兽-属性：青草-shiny.png
0773_银伴战兽-属性：电子,0773,银伴战兽-属性：电子,0773-银伴战兽-属性：电子.png,0773-银伴战兽-属性：电子-shiny.png
0773_银伴战兽-属性：精神,0773,银伴战兽-属性：精神,0773-银伴战兽-属性：精神.png,0773-银伴战兽-属性：精神-shiny.png
0773_银伴战兽-属性：冰雪,0773,银伴战兽-属性：冰雪,0773-银伴战兽-属性：冰雪.png,0773-银伴战兽-属性：冰雪-shiny.png
0773_银伴战兽-属性：龙,0773,银伴战兽-属性：龙,0773-银伴战兽-属性：龙.png,0773-银伴战兽-属性：龙-shiny.png
0773_银伴战兽-属性：黑暗,0773,银伴战兽-属性：黑暗,0773-银伴战兽-属性：黑暗.png,0773-银伴战兽-属性：黑暗-shiny.png
0773_银伴战兽-属性：妖精,0773,银伴战兽-属性：妖精,0773-银伴战兽-属性：妖精.png,0773-银伴战兽-属性：妖精-shiny.png
0774_小陨星-流星的样子,0774,小陨星-流星的样子,0774-小陨星-流星的样子.png,0774-小陨星-流星的样子-shiny.png
0774_小陨星-红色核心,0774,小陨星-红色核心,0774-小陨星-红色核心.png,0774-小陨星-红色核心-shiny.png
0774_小陨星-橙色核心,0774,小陨星-橙色核心,0774-小陨星-橙色核心.png,0774-小陨星-橙色核心-shiny.png
0774_小陨星-黄色核心,0774,小陨星-黄色核心,0774-小陨星-黄色核心.png,0774-小陨星-黄色核心-shiny.png
0774_小陨星-绿色核心,0774,小陨星-绿色核心,0774-小陨星-绿色核心.png,0774-小陨星-绿色核心-shiny.png
0774_小陨星-浅蓝色核心,0774,小陨星-浅蓝色核心,0774-小陨星-浅蓝色核心.png,0774-小陨星-浅蓝色核心-shiny.png
0774_小陨星-蓝色核心,0774,小陨星-蓝色核心,0774-小陨星-蓝色核心.png,0774-小陨星-蓝色核心-shiny.png
0774_小陨星-紫色核心,0774,小陨星-紫色核心,0774-小陨星-紫色核心.png,0774-小陨星-紫色核心-shiny.png
0775_树枕尾熊,0775,树枕尾熊,0775-树枕尾熊.png,0775-树枕尾熊-shiny.png
0776_爆焰龟兽,0776,爆焰龟兽,0776-爆焰龟兽.png,0776-爆焰龟兽-shiny.png
0777_托戈德玛尔,0777,托戈德玛尔,0777-托戈德玛尔.png,0777-托戈德玛尔-shiny.png
0778_谜拟Ｑ-化形的样子,0778,谜拟Ｑ-化形的样子,0778-谜拟Ｑ-化形的样子.png,0778-谜拟Ｑ-化形的样子-shiny.png
0778_谜拟Ｑ-现形的样子,0778,谜拟Ｑ-现形的样子,0778-谜拟Ｑ-现形的样子.png,0778-谜拟Ｑ-现形的样子-shiny.png
0779_磨牙彩皮鱼,0779,磨牙彩皮鱼,0779-磨牙彩皮鱼.png,0779-磨牙彩皮鱼-shiny.png
0780_老翁龙,0780,老翁龙,0780-老翁龙.png,0780-老翁龙-shiny.png
0781_破破舵轮,0781,破破舵轮,0781-破破舵轮.png,0781-破破舵轮-shiny.png
0782_心鳞宝,0782,心鳞宝,0782-心鳞宝.png,0782-心鳞宝-shiny.png
0783_鳞甲龙,0783,鳞甲龙,0783-鳞甲龙.png,0783-鳞甲龙-shiny.png
0784_杖尾鳞甲龙,0784,杖尾鳞甲龙,0784-杖尾鳞甲龙.png,0784-杖尾鳞甲龙-shiny.png
0785_卡璞・鸣鸣,0785,卡璞・鸣鸣,0785-卡璞・鸣鸣.png,0785-卡璞・鸣鸣-shiny.png
0786_卡璞・蝶蝶,0786,卡璞・蝶蝶,0786-卡璞・蝶蝶.png,0786-卡璞・蝶蝶-shiny.png
0787_卡璞・哞哞,0787,卡璞・哞哞,0787-卡璞・哞哞.png,0787-卡璞・哞哞-shiny.png
0788_卡璞・鳍鳍,0788,卡璞・鳍鳍,0788-卡璞・鳍鳍.png,0788-卡璞・鳍鳍-shiny.png
0789_科斯莫古,0789,科斯莫古,0789-科斯莫古.png,0789-科斯莫古-shiny.png
0790_科斯莫姆,0790,科斯莫姆,0790-科斯莫姆.png,0790-科斯莫姆-shiny.png
0791_索尔迦雷欧,0791,索尔迦雷欧,0791-索尔迦雷欧.png,0791-索尔迦雷欧-shiny.png
0792_露奈雅拉,0792,露奈雅拉,0792-露奈雅拉.png,0792-露奈雅拉-shiny.png
0793_虚吾伊德,0793,虚吾伊德,0793-虚吾伊德.png,0793-虚吾伊德-shiny.png
0794_爆肌蚊,0794,爆肌蚊,0794-爆肌蚊.png,0794-爆肌蚊-shiny.png
0795_费洛美螂,0795,费洛美螂,0795-费洛美螂.png,0795-费洛美螂-shiny.png
0796_电束木,0796,电束木,0796-电束木.png,0796-电束木-shiny.png
0797_铁火辉夜,0797,铁火辉夜,0797-铁火辉夜.png,0797-铁火辉夜-shiny.png
0798_纸御剑,0798,纸御剑,0798-纸御剑.png,0798-纸御剑-shiny.png
0799_恶食大王,0799,恶食大王,0799-恶食大王.png,0799-恶食大王-shiny.png
0800_奈克洛兹玛,0800,奈克洛兹玛,0800-奈克洛兹玛.png,0800-奈克洛兹玛-shiny.png
0800_奈克洛兹玛-黄昏之鬃,0800,奈克洛兹玛-黄昏之鬃,0800-奈克洛兹玛-黄昏之鬃.png,0800-奈克洛兹玛-黄昏之鬃-shiny.png
0800_奈克洛兹玛-拂晓之翼,0800,奈克洛兹玛-拂晓之翼,0800-奈克洛兹玛-拂晓之翼.png,0800-奈克洛兹玛-拂晓之翼-shiny.png
0800_奈克洛兹玛-究极奈克洛兹玛,0800,奈克洛兹玛-究极奈克洛兹玛,0800-奈克洛兹玛-究极奈克洛兹玛.png,0800-奈克洛兹玛-究极奈克洛兹玛-shiny.png
0801_玛机雅娜-现在的颜色,0801,玛机雅娜-现在的颜色,0801-玛机雅娜-现在的颜色.png,0801-玛机雅娜-现在的颜色-shiny.png
0801_玛机雅娜-５００年前的颜色,0801,玛机雅娜-５００年前的颜色,0801-玛机雅娜-５００年前的颜色.png,0801-玛机雅娜-５００年前的颜色-shiny.png
0802_玛夏多,0802,玛夏多,0802-玛夏多.png,0802-玛夏多-shiny.png
0803_毒贝比,0803,毒贝比,0803-毒贝比.png,0803-毒贝比-shiny.png
0804_四颚针龙,0804,四颚针龙,0804-四颚针龙.png,0804-四颚针龙-shiny.png
0805_垒磊石,0805,垒磊石,0805-垒磊石.png,0805-垒磊石-shiny.png
0806_砰头小丑,0806,砰头小丑,0806-砰头小丑.png,0806-砰头小丑-shiny.png
0807_捷拉奥拉,0807,捷拉奥拉,0807-捷拉奥拉.png,0807-捷拉奥拉-shiny.png
0808_美录坦,0808,美录坦,0808-美录坦.png,0808-美录坦-shiny.png
0809_美录梅塔,0809,美录梅塔,0809-美录梅塔.png,0809-美录梅塔-shiny.png
0809_美录梅塔-超极巨化,0809,美录梅塔-超极巨化,0809-美录梅塔-超极巨化.png,0809-美录梅塔-超极巨化-shiny.png
0810_敲音猴,0810,敲音猴,0810-敲音猴.png,0810-敲音猴-shiny.png
0811_啪咚猴,0811,啪咚猴,0811-啪咚猴.png,0811-啪咚猴-shiny.png
0812_轰擂金刚猩,0812,轰擂金刚猩,0812-轰擂金刚猩.png,0812-轰擂金刚猩-shiny.png
0812_轰擂金刚猩-超极巨化,0812,轰擂金刚猩-超极巨化,0812-轰擂金刚猩-超极巨化.png,0812-轰擂金刚猩-超极巨化-shiny.png
0813_炎兔儿,0813,炎兔儿,0813-炎兔儿.png,0813-炎兔儿-shiny.png
0814_腾蹴小将,0814,腾蹴小将,0814-腾蹴小将.png,0814-腾蹴小将-shiny.png
0815_闪焰王牌,0815,闪焰王牌,0815-闪焰王牌.png,0815-闪焰王牌-shiny.png
0815_闪焰王牌-超极巨化,0815,闪焰王牌-超极巨化,0815-闪焰王牌-超极巨化.png,0815-闪焰王牌-超极巨化-shiny.png
0816_泪眼蜥,0816,泪眼蜥,0816-泪眼蜥.png,0816-泪眼蜥-shiny.png
0817_变涩蜥,0817,变涩蜥,0817-变涩蜥.png,0817-变涩蜥-shiny.png
0818_千面避役,0818,千面避役,0818-千面避役.png,0818-千面避役-shiny.png
0818_千面避役-超极巨化,0818,千面避役-超极巨化,0818-千面避役-超极巨化.png,0818-千面避役-超极巨化-shiny.png
0819_贪心栗鼠,0819,贪心栗鼠,0819-贪心栗鼠.png,0819-贪心栗鼠-shiny.png
0820_藏饱栗鼠,0820,藏饱栗鼠,0820-藏饱栗鼠.png,0820-藏饱栗鼠-shiny.png
0821_稚山雀,0821,稚山雀,0821-稚山雀.png,0821-稚山雀-shiny.png
0822_蓝鸦,0822,蓝鸦,0822-蓝鸦.png,0822-蓝鸦-shiny.png
0823_钢铠鸦,0823,钢铠鸦,0823-钢铠鸦.png,0823-钢铠鸦-shiny.png
0823_钢铠鸦-超极巨化,0823,钢铠鸦-超极巨化,0823-钢铠鸦-超极巨化.png,0823-钢铠鸦-超极巨化-shiny.png
0824_索侦虫,0824,索侦虫,0824-索侦虫.png,0824-索侦虫-shiny.png
0825_天罩虫,0825,天罩虫,0825-天罩虫.png,0825-天罩虫-shiny.png
0826_以欧路普,0826,以欧路普,0826-以欧路普.png,0826-以欧路普-shiny.png
0826_以欧路普-超极巨化,0826,以欧路普-超极巨化,0826-以欧路普-超极巨化.png,0826-以欧路普-超极巨化-shiny.png
0827_狡小狐,0827,狡小狐,0827-狡小狐.png,0827-狡小狐-shiny.png
0828_狐大盗,0828,狐大盗,0828-狐大盗.png,0828-狐大盗-shiny.png
0828_猾大狐,0828,猾大狐,0828-猾大狐.png,0828-猾大狐-shiny.png
0829_幼棉棉,0829,幼棉棉,0829-幼棉棉.png,0829-幼棉棉-shiny.png
0830_白蓬蓬,0830,白蓬蓬,0830-白蓬蓬.png,0830-白蓬蓬-shiny.png
0831_毛辫羊,0831,毛辫羊,0831-毛辫羊.png,0831-毛辫羊-shiny.png
0832_毛毛角羊,0832,毛毛角羊,0832-毛毛角羊.png,0832-毛毛角羊-shiny.png
0833_咬咬龟,0833,咬咬龟,0833-咬咬龟.png,0833-咬咬龟-shiny.png
0834_暴噬龟,0834,暴噬龟,0834-暴噬龟.png,0834-暴噬龟-shiny.png
0834_暴噬龟-超极巨化,0834,暴噬龟-超极巨化,0834-暴噬龟-超极巨化.png,0834-暴噬龟-超极巨化-shiny.png
0835_来电汪,0835,来电汪,0835-来电汪.png,0835-来电汪-shiny.png
0836_逐电犬,0836,逐电犬,0836-逐电犬.png,0836-逐电犬-shiny.png
0837_小炭仔,0837,小炭仔,0837-小炭仔.png,0837-小炭仔-shiny.png
0838_大炭车,0838,大炭车,0838-大炭车.png,0838-大炭车-shiny.png
0839_巨炭山,0839,巨炭山,0839-巨炭山.png,0839-巨炭山-shiny.png
0839_巨炭山-超极巨化,0839,巨炭山-超极巨化,0839-巨炭山-超极巨化.png,0839-巨炭山-超极巨化-shiny.png
0840_啃果虫,0840,啃果虫,0840-啃果虫.png,0840-啃果虫-shiny.png
0841_苹裹龙,0841,苹裹龙,0841-苹裹龙.png,0841-苹裹龙-shiny.png
0841_苹裹龙-超极巨化,0841,苹裹龙-超极巨化,0841-苹裹龙-超极巨化.png,0841-苹裹龙-超极巨化-shiny.png
0842_丰蜜龙,0842,丰蜜龙,0842-丰蜜龙.png,0842-丰蜜龙-shiny.png
0842_丰蜜龙-超极巨化,0842,丰蜜龙-超极巨化,0842-丰蜜龙-超极巨化.png,0842-丰蜜龙-超极巨化-shiny.png
0843_沙包蛇,0843,沙包蛇,0843-沙包蛇.png,0843-沙包蛇-shiny.png
0844_沙螺蟒,0844,沙螺蟒,0844-沙螺蟒.png,0844-沙螺蟒-shiny.png
0844_沙螺蟒-超极巨化,0844,沙螺蟒-超极巨化,0844-沙螺蟒-超极巨化.png,0844-沙螺蟒-超极巨化-shiny.png
0845_古月鸟,0845,古月鸟,0845-古月鸟.png,0845-古月鸟-shiny.png
0845_古月鸟-一口吞的样子,0845,古月鸟-一口吞的样子,0845-古月鸟-一口吞的样子.png,0845-古月鸟-一口吞的样子-shiny.png
0845_古月鸟-大口吞的样子,0845,古月鸟-大口吞的样子,0845-古月鸟-大口吞的样子.png,0845-古月鸟-大口吞的样子-shiny.png
0846_刺梭鱼,0846,刺梭鱼,0846-刺梭鱼.png,0846-刺梭鱼-shiny.png
0847_戽斗尖梭,0847,戽斗尖梭,0847-戽斗尖梭.png,0847-戽斗尖梭-shiny.png
0848_毒电婴,0848,毒电婴,0848-毒电婴.png,0848-毒电婴-shiny.png
0849_颤弦蝾螈-高调的样子,0849,颤弦蝾螈-高调的样子,0849-颤弦蝾螈-高调的样子.png,0849-颤弦蝾螈-高调的样子-shiny.png
0849_颤弦蝾螈-低调的样子,0849,颤弦蝾螈-低调的样子,0849-颤弦蝾螈-低调的样子.png,0849-颤弦蝾螈-低调的样子-shiny.png
0849_颤弦蝾螈-超极巨化,0849,颤弦蝾螈-超极巨化,0849-颤弦蝾螈-超极巨化.png,0849-颤弦蝾螈-超极巨化-shiny.png
0850_烧火蚣,0850,烧火蚣,0850-烧火蚣.png,0850-烧火蚣-shiny.png
0851_焚焰蚣,0851,焚焰蚣,0851-焚焰蚣.png,0851-焚焰蚣-shiny.png
0851_焚焰蚣-超极巨化,0851,焚焰蚣-超极巨化,0851-焚焰蚣-超极巨化.png,0851-焚焰蚣-超极巨化-shiny.png
0852_拳拳蛸,0852,拳拳蛸,0852-拳拳蛸.png,0852-拳拳蛸-shiny.png
0853_八爪武师,0853,八爪武师,0853-八爪武师.png,0853-八爪武师-shiny.png
0854_来悲茶,0854,来悲茶,0854-来悲茶.png,0854-来悲茶-shiny.png
0854_来悲茶-赝品形态,0854,来悲茶-赝品形态,0854-来悲茶-赝品形态.png,0854-来悲茶-赝品形态-shiny.png
0854_来悲茶-真品形态,0854,来悲茶-真品形态,0854-来悲茶-真品形态.png,0854-来悲茶-真品形态-shiny.png
0855_怖思壶,0855,怖思壶,0855-怖思壶.png,0855-怖思壶-shiny.png
0855_怖思壶-赝品形态,0855,怖思壶-赝品形态,0855-怖思壶-赝品形态.png,0855-怖思壶-赝品形态-shiny.png
0855_怖思壶-真品形态,0855,怖思壶-真品形态,0855-怖思壶-真品形态.png,0855-怖思壶-真品形态-shiny.png
0856_迷布莉姆,0856,迷布莉姆,0856-迷布莉姆.png,0856-迷布莉姆-shiny.png
0857_提布莉姆,0857,提布莉姆,0857-提布莉姆.png,0857-提布莉姆-shiny.png
0858_布莉姆温,0858,布莉姆温,0858-布莉姆温.png,0858-布莉姆温-shiny.png
0858_布莉姆温-超极巨化,0858,布莉姆温-超极巨化,0858-布莉姆温-超极巨化.png,0858-布莉姆温-超极巨化-shiny.png
0859_捣蛋小妖,0859,捣蛋小妖,0859-捣蛋小妖.png,0859-捣蛋小妖-shiny.png
0860_诈唬魔,0860,诈唬魔,0860-诈唬魔.png,0860-诈唬魔-shiny.png
0861_长毛巨魔,0861,长毛巨魔,0861-长毛巨魔.png,0861-长毛巨魔-shiny.png
0861_长毛巨魔-超极巨化,0861,长毛巨魔-超极巨化,0861-长毛巨魔-超极巨化.png,0861-长毛巨魔-超极巨化-shiny.png
0862_堵拦熊,0862,堵拦熊,0862-堵拦熊.png,0862-堵拦熊-shiny.png
0863_喵头目,0863,喵头目,0863-喵头目.png,0863-喵头目-shiny.png
0864_魔灵珊瑚,0864,魔灵珊瑚,0864-魔灵珊瑚.png,0864-魔灵珊瑚-shiny.png
0865_葱游兵,0865,葱游兵,0865-葱游兵.png,0865-葱游兵-shiny.png
0866_踏冰人偶,0866,踏冰人偶,0866-踏冰人偶.png,0866-踏冰人偶-shiny.png
0867_死神板,0867,死神板,0867-死神板.png,0867-死神板-shiny.png
0868_小仙奶,0868,小仙奶,0868-小仙奶.png,0868-小仙奶-shiny.png
0869_霜奶仙-奶香香草-草莓糖饰,0869,霜奶仙-奶香香草-草莓糖饰,0869-霜奶仙-奶香香草-草莓糖饰.png,
0869_霜奶仙-奶香红钻-草莓糖饰,0869,霜奶仙-奶香红钻-草莓糖饰,0869-霜奶仙-奶香红钻-草莓糖饰.png,
0869_霜奶仙-奶香抹茶-草莓糖饰,0869,霜奶仙-奶香抹茶-草莓糖饰,0869-霜奶仙-奶香抹茶-草莓糖饰.png,
0869_霜奶仙-奶香薄荷-草莓糖饰,0869,霜奶仙-奶香薄荷-草莓糖饰,0869-霜奶仙-奶香薄荷-草莓糖饰.png,
0869_霜奶仙-奶香柠檬-草莓糖饰,0869,霜奶仙-奶香柠檬-草莓糖饰,0869-霜奶仙-奶香柠檬-草莓糖饰.png,
0869_霜奶仙-奶香雪盐-草莓糖饰,0869,霜奶仙-奶香雪盐-草莓糖饰,0869-霜奶仙-奶香雪盐-草莓糖饰.png,
0869_霜奶仙-红钻综合-草莓糖饰,0869,霜奶仙-红钻综合-草莓糖饰,0869-霜奶仙-红钻综合-草莓糖饰.png,
0869_霜奶仙-焦糖综合-草莓糖饰,0869,霜奶仙-焦糖综合-草莓糖饰,0869-霜奶仙-焦糖综合-草莓糖饰.png,
0869_霜奶仙-三色综合-草莓糖饰,0869,霜奶仙-三色综合-草莓糖饰,0869-霜奶仙-三色综合-草莓糖饰.png,
0869_霜奶仙-奶香香草-爱心糖饰,0869,霜奶仙-奶香香草-爱心糖饰,0869-霜奶仙-奶香香草-爱心糖饰.png,
0869_霜奶仙-奶香红钻-爱心糖饰,0869,霜奶仙-奶香红钻-爱心糖饰,0869-霜奶仙-奶香红钻-爱心糖饰.png,
0869_霜奶仙-奶香抹茶-爱心糖饰,0869,霜奶仙-奶香抹茶-爱心糖饰,0869-霜奶仙-奶香抹茶-爱心糖饰.png,
0869_霜奶仙-奶香薄荷-爱心糖饰,0869,霜奶仙-奶香薄荷-爱心糖饰,0869-霜奶仙-奶香薄荷-爱心糖饰.png,
0869_霜奶仙-奶香柠檬-爱心糖饰,0869,霜奶仙-奶香柠檬-爱心糖饰,0869-霜奶仙-奶香柠檬-爱心糖饰.png,
0869_霜奶仙-奶香雪盐-爱心糖饰,0869,霜奶仙-奶香雪盐-爱心糖饰,0869-霜奶仙-奶香雪盐-爱心糖饰.png,
0869_霜奶仙-红钻综合-爱心糖饰,0869,霜奶仙-红钻综合-爱心糖饰,0869-霜奶仙-红钻综合-爱心糖饰.png,
0869_霜奶仙-焦糖综合-爱心糖饰,0869,霜奶仙-焦糖综合-爱心糖饰,0869-霜奶仙-焦糖综合-爱心糖饰.png,
0869_霜奶仙-三色综合-爱心糖饰,0869,霜奶仙-三色综合-爱心糖饰,0869-霜奶仙-三色综合-爱心糖饰.png,
0869_霜奶仙-奶香香草-野莓糖饰,0869,霜奶仙-奶香香草-野莓糖饰,0869-霜奶仙-奶香香草-野莓糖饰.png,
0869_霜奶仙-奶香红钻-野莓糖饰,0869,霜奶仙-奶香红钻-野莓糖饰,0869-霜奶仙-奶香红钻-野莓糖饰.png,
0869_霜奶仙-奶香抹茶-野莓糖饰,0869,霜奶仙-奶香抹茶-野莓糖饰,0869-霜奶仙-奶香抹茶-野莓糖饰.png,
0869_霜奶仙-奶香薄荷-野莓糖饰,0869,霜奶仙-奶香薄荷-野莓糖饰,0869-霜奶仙-奶香薄荷-野莓糖饰.png,
0869_霜奶仙-奶香柠檬-野莓糖饰,0869,霜奶仙-奶香柠檬-野莓糖饰,0869-霜奶仙-奶香柠檬-野莓糖饰.png,
0869_霜奶仙-奶香雪盐-野莓糖饰,0869,霜奶仙-奶香雪盐-野莓糖饰,0869-霜奶仙-奶香雪盐-野莓糖饰.png,
0869_霜奶仙-红钻综合-野莓糖饰,0869,霜奶仙-红钻综合-野莓糖饰,0869-霜奶仙-红钻综合-野莓糖饰.png,
0869_霜奶仙-焦糖综合-野莓糖饰,0869,霜奶仙-焦糖综合-野莓糖饰,0869-霜奶仙-焦糖综合-野莓糖饰.png,
0869_霜奶仙-三色综合-野莓糖饰,0869,霜奶仙-三色综合-野莓糖饰,0869-霜奶仙-三色综合-野莓糖饰.png,
0869_霜奶仙-奶香香草-幸运草糖饰,0869,霜奶仙-奶香香草-幸运草糖饰,0869-霜奶仙-奶香香草-幸运草糖饰.png,
0869_霜奶仙-奶香红钻-幸运草糖饰,0869,霜奶仙-奶香红钻-幸运草糖饰,0869-霜奶仙-奶香红钻-幸运草糖饰.png,
0869_霜奶仙-奶香抹茶-幸运草糖饰,0869,霜奶仙-奶香抹茶-幸运草糖饰,0869-霜奶仙-奶香抹茶-幸运草糖饰.png,
0869_霜奶仙-奶香薄荷-幸运草糖饰,0869,霜奶仙-奶香薄荷-幸运草糖饰,0869-霜奶仙-奶香薄荷-幸运草糖饰.png,
0869_霜奶仙-奶香柠檬-幸运草糖饰,0869,霜奶仙-奶香柠檬-幸运草糖饰,0869-霜奶仙-奶香柠檬-幸运草糖饰.png,
0869_霜奶仙-奶香雪盐-幸运草糖饰,0869,霜奶仙-奶香雪盐-幸运草糖饰,0869-霜奶仙-奶香雪盐-幸运草糖饰.png,
0869_霜奶仙-红钻综合-幸运草糖饰,0869,霜奶仙-红钻综合-幸运草糖饰,0869-霜奶仙-红钻综合-幸运草糖饰.png,
0869_霜奶仙-焦糖综合-幸运草糖饰,0869,霜奶仙-焦糖综合-幸运草糖饰,0869-霜奶仙-焦糖综合-幸运草糖饰.png,
0869_霜奶仙-三色综合-幸运草糖饰,0869,霜奶仙-三色综合-幸运草糖饰,0869-霜奶仙-三色综合-幸运草糖饰.png,
0869_霜奶仙-奶香香草-花朵糖饰,0869,霜奶仙-奶香香草-花朵糖饰,0869-霜奶仙-奶香香草-花朵糖饰.png,
0869_霜奶仙-奶香红钻-花朵糖饰,0869,霜奶仙-奶香红钻-花朵糖饰,0869-霜奶仙-奶香红钻-花朵糖饰.png,
0869_霜奶仙-奶香抹茶-花朵糖饰,0869,霜奶仙-奶香抹茶-花朵糖饰,0869-霜奶仙-奶香抹茶-花朵糖饰.png,
0869_霜奶仙-奶香薄荷-花朵糖饰,0869,霜奶仙-奶香薄荷-花朵糖饰,0869-霜奶仙-奶香薄荷-花朵糖饰.png,
0869_霜奶仙-奶香柠檬-花朵糖饰,0869,霜奶仙-奶香柠檬-花朵糖饰,0869-霜奶仙-奶香柠檬-花朵糖饰.png,
0869_霜奶仙-奶香雪盐-花朵糖饰,0869,霜奶仙-奶香雪盐-花朵糖饰,0869-霜奶仙-奶香雪盐-花朵糖饰.png,
0869_霜奶仙-红钻综合-花朵糖饰,0869,霜奶仙-红钻综合-花朵糖饰,0869-霜奶仙-红钻综合-花朵糖饰.png,
0869_霜奶仙-焦糖综合-花朵糖饰,0869,霜奶仙-焦糖综合-花朵糖饰,0869-霜奶仙-焦糖综合-花朵糖饰.png,
0869_霜奶仙-三色综合-花朵糖饰,0869,霜奶仙-三色综合-花朵糖饰,0869-霜奶仙-三色综合-花朵糖饰.png,
0869_霜奶仙-奶香香草-星星糖饰,0869,霜奶仙-奶香香草-星星糖饰,0869-霜奶仙-奶香香草-星星糖饰.png,
0869_霜奶仙-奶香红钻-星星糖饰,0869,霜奶仙-奶香红钻-星星糖饰,0869-霜奶仙-奶香红钻-星星糖饰.png,
0869_霜奶仙-奶香抹茶-星星糖饰,0869,霜奶仙-奶香抹茶-星星糖饰,0869-霜奶仙-奶香抹茶-星星糖饰.png,
0869_霜奶仙-奶香薄荷-星星糖饰,0869,霜奶仙-奶香薄荷-星星糖饰,0869-霜奶仙-奶香薄荷-星星糖饰.png,
0869_霜奶仙-奶香柠檬-星星糖饰,0869,霜奶仙-奶香柠檬-星星糖饰,0869-霜奶仙-奶香柠檬-星星糖饰.png,
0869_霜奶仙-奶香雪盐-星星糖饰,0869,霜奶仙-奶香雪盐-星星糖饰,0869-霜奶仙-奶香雪盐-星星糖饰.png,
0869_霜奶仙-红钻综合-星星糖饰,0869,霜奶仙-红钻综合-星星糖饰,0869-霜奶仙-红钻综合-星星糖饰.png,
0869_霜奶仙-焦糖综合-星星糖饰,0869,霜奶仙-焦糖综合-星星糖饰,0869-霜奶仙-焦糖综合-星星糖饰.png,
0869_霜奶仙-三色综合-星星糖饰,0869,霜奶仙-三色综合-星星糖饰,0869-霜奶仙-三色综合-星星糖饰.png,
0869_霜奶仙-奶香香草-蝴蝶结糖饰,0869,霜奶仙-奶香香草-蝴蝶结糖饰,0869-霜奶仙-奶香香草-蝴蝶结糖饰.png,
0869_霜奶仙-奶香红钻-蝴蝶结糖饰,0869,霜奶仙-奶香红钻-蝴蝶结糖饰,0869-霜奶仙-奶香红钻-蝴蝶结糖饰.png,
0869_霜奶仙-奶香抹茶-蝴蝶结糖饰,0869,霜奶仙-奶香抹茶-蝴蝶结糖饰,0869-霜奶仙-奶香抹茶-蝴蝶结糖饰.png,
0869_霜奶仙-奶香薄荷-蝴蝶结糖饰,0869,霜奶仙-奶香薄荷-蝴蝶结糖饰,0869-霜奶仙-奶香薄荷-蝴蝶结糖饰.png,
0869_霜奶仙-奶香柠檬-蝴蝶结糖饰,0869,霜奶仙-奶香柠檬-蝴蝶结糖饰,0869-霜奶仙-奶香柠檬-蝴蝶结糖饰.png,
0869_霜奶仙-奶香雪盐-蝴蝶结糖饰,0869,霜奶仙-奶香雪盐-蝴蝶结糖饰,0869-霜奶仙-奶香雪盐-蝴蝶结糖饰.png,
0869_霜奶仙-红钻综合-蝴蝶结糖饰,0869,霜奶仙-红钻综合-蝴蝶结糖饰,0869-霜奶仙-红钻综合-蝴蝶结糖饰.png,
0869_霜奶仙-焦糖综合-蝴蝶结糖饰,0869,霜奶仙-焦糖综合-蝴蝶结糖饰,0869-霜奶仙-焦糖综合-蝴蝶结糖饰.png,
0869_霜奶仙-三色综合-蝴蝶结糖饰,0869,霜奶仙-三色综合-蝴蝶结糖饰,0869-霜奶仙-三色综合-蝴蝶结糖饰.png,
0869_霜奶仙-超极巨化,0869,霜奶仙-超极巨化,0869-霜奶仙-超极巨化.png,0869-霜奶仙-超极巨化-shiny.png
0869_霜奶仙,0869,霜奶仙,,0869-霜奶仙-蝴蝶结糖饰-shiny.png
0870_列阵兵,0870,列阵兵,0870-列阵兵.png,0870-列阵兵-shiny.png
0871_啪嚓海胆,0871,啪嚓海胆,0871-啪嚓海胆.png,0871-啪嚓海胆-shiny.png
0872_雪吞虫,0872,雪吞虫,0872-雪吞虫.png,0872-雪吞虫-shiny.png
0873_雪绒蛾,0873,雪绒蛾,0873-雪绒蛾.png,0873-雪绒蛾-shiny.png
0874_巨石丁,0874,巨石丁,0874-巨石丁.png,0874-巨石丁-shiny.png
0875_冰砌鹅-结冻头,0875,冰砌鹅-结冻头,0875-冰砌鹅-结冻头.png,0875-冰砌鹅-结冻头-shiny.png
0875_冰砌鹅-解冻头,0875,冰砌鹅-解冻头,0875-冰砌鹅-解冻头.png,0875-冰砌鹅-解冻头-shiny.png
0876_爱管侍-雄性,0876,爱管侍-雄性,0876-爱管侍-雄性.png,0876-爱管侍-雄性-shiny.png
0876_爱管侍-雌性,0876,爱管侍-雌性,0876-爱管侍-雌性.png,0876-爱管侍-雌性-shiny.png
0877_莫鲁贝可-满腹花纹,0877,莫鲁贝可-满腹花纹,0877-莫鲁贝可-满腹花纹.png,0877-莫鲁贝可-满腹花纹-shiny.png
0877_莫鲁贝可-空腹花纹,0877,莫鲁贝可-空腹花纹,0877-莫鲁贝可-空腹花纹.png,0877-莫鲁贝可-空腹花纹-shiny.png
0878_铜象,0878,铜象,0878-铜象.png,0878-铜象-shiny.png
0879_大王铜象,0879,大王铜象,0879-大王铜象.png,0879-大王铜象-shiny.png
0879_大王铜象-超极巨化,0879,大王铜象-超极巨化,0879-大王铜象-超极巨化.png,0879-大王铜象-超极巨化-shiny.png
0880_雷鸟龙,0880,雷鸟龙,0880-雷鸟龙.png,0880-雷鸟龙-shiny.png
0881_雷鸟海兽,0881,雷鸟海兽,0881-雷鸟海兽.png,0881-雷鸟海兽-shiny.png
0882_鳃鱼龙,0882,鳃鱼龙,0882-鳃鱼龙.png,0882-鳃鱼龙-shiny.png
0883_鳃鱼海兽,0883,鳃鱼海兽,0883-鳃鱼海兽.png,0883-鳃鱼海兽-shiny.png
0884_铝钢龙,0884,铝钢龙,0884-铝钢龙.png,0884-铝钢龙-shiny.png
0884_铝钢龙-超极巨化,0884,铝钢龙-超极巨化,0884-铝钢龙-超极巨化.png,0884-铝钢龙-超极巨化-shiny.png
0885_多龙梅西亚,0885,多龙梅西亚,0885-多龙梅西亚.png,0885-多龙梅西亚-shiny.png
0886_多龙奇,0886,多龙奇,0886-多龙奇.png,0886-多龙奇-shiny.png
0887_多龙巴鲁托,0887,多龙巴鲁托,0887-多龙巴鲁托.png,0887-多龙巴鲁托-shiny.png
0888_苍响-百战勇者,0888,苍响-百战勇者,0888-苍响-百战勇者.png,0888-苍响-百战勇者-shiny.png
0888_苍响-剑之王,0888,苍响-剑之王,0888-苍响-剑之王.png,0888-苍响-剑之王-shiny.png
0889_藏玛然特-百战勇者,0889,藏玛然特-百战勇者,0889-藏玛然特-百战勇者.png,0889-藏玛然特-百战勇者-shiny.png
0889_藏玛然特-盾之王,0889,藏玛然特-盾之王,0889-藏玛然特-盾之王.png,0889-藏玛然特-盾之王-shiny.png
0890_无极汰那,0890,无极汰那,0890-无极汰那.png,0890-无极汰那-shiny.png
0890_无极汰那-无极巨化,0890,无极汰那-无极巨化,0890-无极汰那-无极巨化.png,0890-无极汰那-无极巨化-shiny.png
0891_熊徒弟,0891,熊徒弟,0891-熊徒弟.png,0891-熊徒弟-shiny.png
0892_武道熊师-一击流,0892,武道熊师-一击流,0892-武道熊师-一击流.png,0892-武道熊师-一击流-shiny.png
0892_武道熊师-连击流,0892,武道熊师-连击流,0892-武道熊师-连击流.png,0892-武道熊师-连击流-shiny.png
0892_武道熊师-超极巨化（一击流）,0892,武道熊师-超极巨化（一击流）,0892-武道熊师-超极巨化（一击流）.png,0892-武道熊师-超极巨化（一击流）-shiny.png
0892_武道熊师-超极巨化（连击流）,0892,武道熊师-超极巨化（连击流）,0892-武道熊师-超极巨化（连击流）.png,0892-武道熊师-超极巨化（连击流）-shiny.png
0893_萨戮德,0893,萨戮德,0893-萨戮德.png,0893-萨戮德-shiny.png
0893_萨戮德-阿爸,0893,萨戮德-阿爸,0893-萨戮德-阿爸.png,0893-萨戮德-阿爸-shiny.png
0894_雷吉艾勒奇,0894,雷吉艾勒奇,0894-雷吉艾勒奇.png,0894-雷吉艾勒奇-shiny.png
0895_雷吉铎拉戈,0895,雷吉铎拉戈,0895-雷吉铎拉戈.png,0895-雷吉铎拉戈-shiny.png
0896_雪暴马,0896,雪暴马,0896-雪暴马.png,0896-雪暴马-shiny.png
0897_灵幽马,0897,灵幽马,0897-灵幽马.png,0897-灵幽马-shiny.png
0898_蕾冠王,0898,蕾冠王,0898-蕾冠王.png,0898-蕾冠王-shiny.png
0898_蕾冠王-骑白马的样子,0898,蕾冠王-骑白马的样子,0898-蕾冠王-骑白马的样子.png,0898-蕾冠王-骑白马的样子-shiny.png
0898_蕾冠王-骑黑马的样子,0898,蕾冠王-骑黑马的样子,0898-蕾冠王-骑黑马的样子.png,0898-蕾冠王-骑黑马的样子-shiny.png
0899_诡角鹿,0899,诡角鹿,0899-诡角鹿.png,0899-诡角鹿-shiny.png
0900_劈斧螳螂,0900,劈斧螳螂,0900-劈斧螳螂.png,0900-劈斧螳螂-shiny.png
0901_月月熊,0901,月月熊,0901-月月熊.png,0901-月月熊-shiny.png
0901_月月熊-赫月,0901,月月熊-赫月,0901-月月熊-赫月.png,0901-月月熊-赫月-shiny.png
0902_幽尾玄鱼-雄性,0902,幽尾玄鱼-雄性,0902-幽尾玄鱼-雄性.png,0902-幽尾玄鱼-雄性-shiny.png
0902_幽尾玄鱼-雌性,0902,幽尾玄鱼-雌性,0902-幽尾玄鱼-雌性.png,0902-幽尾玄鱼-雌性-shiny.png
0903_大狃拉,0903,大狃拉,0903-大狃拉.png,0903-大狃拉-shiny.png
0904_万针鱼,0904,万针鱼,0904-万针鱼.png,0904-万针鱼-shiny.png
0905_眷恋云-化身形态,0905,眷恋云-化身形态,0905-眷恋云-化身形态.png,0905-眷恋云-化身形态-shiny.png
0905_眷恋云-灵兽形态,0905,眷恋云-灵兽形态,0905-眷恋云-灵兽形态.png,0905-眷恋云-灵兽形态-shiny.png
0906_新叶喵,0906,新叶喵,0906-新叶喵.png,0906-新叶喵-shiny.png
0907_蒂蕾喵,0907,蒂蕾喵,0907-蒂蕾喵.png,0907-蒂蕾喵-shiny.png
0908_魔幻假面喵,0908,魔幻假面喵,0908-魔幻假面喵.png,0908-魔幻假面喵-shiny.png
0909_呆火鳄,0909,呆火鳄,0909-呆火鳄.png,0909-呆火鳄-shiny.png
0910_炙烫鳄,0910,炙烫鳄,0910-炙烫鳄.png,0910-炙烫鳄-shiny.png
0911_骨纹巨声鳄,0911,骨纹巨声鳄,0911-骨纹巨声鳄.png,0911-骨纹巨声鳄-shiny.png
0912_润水鸭,0912,润水鸭,0912-润水鸭.png,0912-润水鸭-shiny.png
0913_涌跃鸭,0913,涌跃鸭,0913-涌跃鸭.png,0913-涌跃鸭-shiny.png
0914_狂欢浪舞鸭,0914,狂欢浪舞鸭,0914-狂欢浪舞鸭.png,0914-狂欢浪舞鸭-shiny.png
0915_爱吃豚,0915,爱吃豚,0915-爱吃豚.png,0915-爱吃豚-shiny.png
0916_飘香豚-雄性,0916,飘香豚-雄性,0916-飘香豚-雄性.png,0916-飘香豚-雄性-shiny.png
0916_飘香豚-雌性,0916,飘香豚-雌性,0916-飘香豚-雌性.png,0916-飘香豚-雌性-shiny.png
0917_团珠蛛,0917,团珠蛛,0917-团珠蛛.png,0917-团珠蛛-shiny.png
0918_操陷蛛,0918,操陷蛛,0918-操陷蛛.png,0918-操陷蛛-shiny.png
0919_豆蟋蟀,0919,豆蟋蟀,0919-豆蟋蟀.png,0919-豆蟋蟀-shiny.png
0920_烈腿蝗,0920,烈腿蝗,0920-烈腿蝗.png,0920-烈腿蝗-shiny.png
0921_布拨,0921,布拨,0921-布拨.png,0921-布拨-shiny.png
0922_布土拨,0922,布土拨,0922-布土拨.png,0922-布土拨-shiny.png
0923_巴布土拨,0923,巴布土拨,0923-巴布土拨.png,0923-巴布土拨-shiny.png
0924_一对鼠,0924,一对鼠,0924-一对鼠.png,0924-一对鼠-shiny.png
0925_一家鼠-四只家庭,0925,一家鼠-四只家庭,0925-一家鼠-四只家庭.png,0925-一家鼠-四只家庭-shiny.png
0925_一家鼠-三只家庭,0925,一家鼠-三只家庭,0925-一家鼠-三只家庭.png,0925-一家鼠-三只家庭-shiny.png
0926_狗仔包,0926,狗仔包,0926-狗仔包.png,0926-狗仔包-shiny.png
0927_麻花犬,0927,麻花犬,0927-麻花犬.png,0927-麻花犬-shiny.png
0928_迷你芙,0928,迷你芙,0928-迷你芙.png,0928-迷你芙-shiny.png
0929_奥利纽,0929,奥利纽,0929-奥利纽.png,0929-奥利纽-shiny.png
0930_奥利瓦,0930,奥利瓦,0930-奥利瓦.png,0930-奥利瓦-shiny.png
0931_怒鹦哥-绿羽毛,0931,怒鹦哥-绿羽毛,0931-怒鹦哥-绿羽毛.png,0931-怒鹦哥-绿羽毛-shiny.png
0931_怒鹦哥-蓝羽毛,0931,怒鹦哥-蓝羽毛,0931-怒鹦哥-蓝羽毛.png,0931-怒鹦哥-蓝羽毛-shiny.png
0931_怒鹦哥-黄羽毛,0931,怒鹦哥-黄羽毛,0931-怒鹦哥-黄羽毛.png,0931-怒鹦哥-黄羽毛-shiny.png
0931_怒鹦哥-白羽毛,0931,怒鹦哥-白羽毛,0931-怒鹦哥-白羽毛.png,0931-怒鹦哥-白羽毛-shiny.png
0932_盐石宝,0932,盐石宝,0932-盐石宝.png,0932-盐石宝-shiny.png
0933_盐石垒,0933,盐石垒,0933-盐石垒.png,0933-盐石垒-shiny.png
0934_盐石巨灵,0934,盐石巨灵,0934-盐石巨灵.png,0934-盐石巨灵-shiny.png
0935_炭小侍,0935,炭小侍,0935-炭小侍.png,0935-炭小侍-shiny.png
0936_红莲铠骑,0936,红莲铠骑,0936-红莲铠骑.png,0936-红莲铠骑-shiny.png
0937_苍炎刃鬼,0937,苍炎刃鬼,0937-苍炎刃鬼.png,0937-苍炎刃鬼-shiny.png
0938_光蚪仔,0938,光蚪仔,0938-光蚪仔.png,0938-光蚪仔-shiny.png
0939_电肚蛙,0939,电肚蛙,0939-电肚蛙.png,0939-电肚蛙-shiny.png
0940_电海燕,0940,电海燕,0940-电海燕.png,0940-电海燕-shiny.png
0941_大电海燕,0941,大电海燕,0941-大电海燕.png,0941-大电海燕-shiny.png
0942_偶叫獒,0942,偶叫獒,0942-偶叫獒.png,0942-偶叫獒-shiny.png
0943_獒教父,0943,獒教父,0943-獒教父.png,0943-獒教父-shiny.png
0944_滋汁鼹,0944,滋汁鼹,0944-滋汁鼹.png,0944-滋汁鼹-shiny.png
0945_涂标客,0945,涂标客,0945-涂标客.png,0945-涂标客-shiny.png
0946_纳噬草,0946,纳噬草,0946-纳噬草.png,0946-纳噬草-shiny.png
0947_怖纳噬草,0947,怖纳噬草,0947-怖纳噬草.png,0947-怖纳噬草-shiny.png
0948_原野水母,0948,原野水母,0948-原野水母.png,0948-原野水母-shiny.png
0949_陆地水母,0949,陆地水母,0949-陆地水母.png,0949-陆地水母-shiny.png
0950_毛崖蟹,0950,毛崖蟹,0950-毛崖蟹.png,0950-毛崖蟹-shiny.png
0951_热辣娃,0951,热辣娃,0951-热辣娃.png,0951-热辣娃-shiny.png
0952_狠辣椒,0952,狠辣椒,0952-狠辣椒.png,0952-狠辣椒-shiny.png
0953_虫滚泥,0953,虫滚泥,0953-虫滚泥.png,0953-虫滚泥-shiny.png
0954_虫甲圣,0954,虫甲圣,0954-虫甲圣.png,0954-虫甲圣-shiny.png
0955_飘飘雏,0955,飘飘雏,0955-飘飘雏.png,0955-飘飘雏-shiny.png
0956_超能艳鸵,0956,超能艳鸵,0956-超能艳鸵.png,0956-超能艳鸵-shiny.png
0957_小锻匠,0957,小锻匠,0957-小锻匠.png,0957-小锻匠-shiny.png
0958_巧锻匠,0958,巧锻匠,0958-巧锻匠.png,0958-巧锻匠-shiny.png
0959_巨锻匠,0959,巨锻匠,0959-巨锻匠.png,0959-巨锻匠-shiny.png
0960_海地鼠,0960,海地鼠,0960-海地鼠.png,0960-海地鼠-shiny.png
0961_三海地鼠,0961,三海地鼠,0961-三海地鼠.png,0961-三海地鼠-shiny.png
0962_下石鸟,0962,下石鸟,0962-下石鸟.png,0962-下石鸟-shiny.png
0963_波普海豚,0963,波普海豚,0963-波普海豚.png,0963-波普海豚-shiny.png
0964_海豚侠-平凡形态,0964,海豚侠-平凡形态,0964-海豚侠-平凡形态.png,0964-海豚侠-平凡形态-shiny.png
0964_海豚侠-全能形态,0964,海豚侠-全能形态,0964-海豚侠-全能形态.png,0964-海豚侠-全能形态-shiny.png
0965_噗隆隆,0965,噗隆隆,0965-噗隆隆.png,0965-噗隆隆-shiny.png
0966_普隆隆姆,0966,普隆隆姆,0966-普隆隆姆.png,0966-普隆隆姆-shiny.png
0967_摩托蜥,0967,摩托蜥,0967-摩托蜥.png,0967-摩托蜥-shiny.png
0968_拖拖蚓,0968,拖拖蚓,0968-拖拖蚓.png,0968-拖拖蚓-shiny.png
0969_晶光芽,0969,晶光芽,0969-晶光芽.png,0969-晶光芽-shiny.png
0970_晶光花,0970,晶光花,0970-晶光花.png,0970-晶光花-shiny.png
0971_墓仔狗,0971,墓仔狗,0971-墓仔狗.png,0971-墓仔狗-shiny.png
0972_墓扬犬,0972,墓扬犬,0972-墓扬犬.png,0972-墓扬犬-shiny.png
0973_缠红鹤,0973,缠红鹤,0973-缠红鹤.png,0973-缠红鹤-shiny.png
0974_走鲸,0974,走鲸,0974-走鲸.png,0974-走鲸-shiny.png
0975_浩大鲸,0975,浩大鲸,0975-浩大鲸.png,0975-浩大鲸-shiny.png
0976_轻身鳕,0976,轻身鳕,0976-轻身鳕.png,0976-轻身鳕-shiny.png
0977_吃吼霸,0977,吃吼霸,0977-吃吼霸.png,0977-吃吼霸-shiny.png
0978_米立龙-上弓姿势,0978,米立龙-上弓姿势,0978-米立龙-上弓姿势.png,0978-米立龙-上弓姿势-shiny.png
0978_米立龙-下垂姿势,0978,米立龙-下垂姿势,0978-米立龙-下垂姿势.png,0978-米立龙-下垂姿势-shiny.png
0978_米立龙-平挺姿势,0978,米立龙-平挺姿势,0978-米立龙-平挺姿势.png,0978-米立龙-平挺姿势-shiny.png
0979_弃世猴,0979,弃世猴,0979-弃世猴.png,0979-弃世猴-shiny.png
0980_土王,0980,土王,0980-土王.png,0980-土王-shiny.png
0981_奇麒麟,0981,奇麒麟,0981-奇麒麟.png,0981-奇麒麟-shiny.png
0982_土龙节节-二节形态,0982,土龙节节-二节形态,0982-土龙节节-二节形态.png,0982-土龙节节-二节形态-shiny.png
0982_土龙节节-三节形态,0982,土龙节节-三节形态,0982-土龙节节-三节形态.png,0982-土龙节节-三节形态-shiny.png
0983_仆斩将军,0983,仆斩将军,0983-仆斩将军.png,0983-仆斩将军-shiny.png
0984_雄伟牙,0984,雄伟牙,0984-雄伟牙.png,0984-雄伟牙-shiny.png
0985_吼叫尾,0985,吼叫尾,0985-吼叫尾.png,0985-吼叫尾-shiny.png
0986_猛恶菇,0986,猛恶菇,0986-猛恶菇.png,0986-猛恶菇-shiny.png
0987_振翼发,0987,振翼发,0987-振翼发.png,0987-振翼发-shiny.png
0988_爬地翅,0988,爬地翅,0988-爬地翅.png,0988-爬地翅-shiny.png
0989_沙铁皮,0989,沙铁皮,0989-沙铁皮.png,0989-沙铁皮-shiny.png
0990_铁辙迹,0990,铁辙迹,0990-铁辙迹.png,0990-铁辙迹-shiny.png
0991_铁包袱,0991,铁包袱,0991-铁包袱.png,0991-铁包袱-shiny.png
0992_铁臂膀,0992,铁臂膀,0992-铁臂膀.png,0992-铁臂膀-shiny.png
0993_铁脖颈,0993,铁脖颈,0993-铁脖颈.png,0993-铁脖颈-shiny.png
0994_铁毒蛾,0994,铁毒蛾,0994-铁毒蛾.png,0994-铁毒蛾-shiny.png
0995_铁荆棘,0995,铁荆棘,0995-铁荆棘.png,0995-铁荆棘-shiny.png
0996_凉脊龙,0996,凉脊龙,0996-凉脊龙.png,0996-凉脊龙-shiny.png
0997_冻脊龙,0997,冻脊龙,0997-冻脊龙.png,0997-冻脊龙-shiny.png
0998_戟脊龙,0998,戟脊龙,0998-戟脊龙.png,0998-戟脊龙-shiny.png
0999_索财灵-宝箱形态,0999,索财灵-宝箱形态,0999-索财灵-宝箱形态.png,0999-索财灵-宝箱形态-shiny.png
0999_索财灵-徒步形态,0999,索财灵-徒步形态,0999-索财灵-徒步形态.png,0999-索财灵-徒步形态-shiny.png
1000_赛富豪,1000,赛富豪,1000-赛富豪.png,1000-赛富豪-shiny.png
1001_古简蜗,1001,古简蜗,1001-古简蜗.png,1001-古简蜗-shiny.png
1002_古剑豹,1002,古剑豹,1002-古剑豹.png,1002-古剑豹-shiny.png
1003_古鼎鹿,1003,古鼎鹿,1003-古鼎鹿.png,1003-古鼎鹿-shiny.png
1004_古玉鱼,1004,古玉鱼,1004-古玉鱼.png,1004-古玉鱼-shiny.png
1005_轰鸣月,1005,轰鸣月,1005-轰鸣月.png,1005-轰鸣月-shiny.png
1006_铁武者,1006,铁武者,1006-铁武者.png,1006-铁武者-shiny.png
1007_故勒顿,1007,故勒顿,1007-故勒顿.png,1007-故勒顿-shiny.png
1008_密勒顿,1008,密勒顿,1008-密勒顿.png,1008-密勒顿-shiny.png
1009_波荡水,1009,波荡水,1009-波荡水.png,1009-波荡水-shiny.png
1010_铁斑叶,1010,铁斑叶,1010-铁斑叶.png,1010-铁斑叶-shiny.png
1011_裹蜜虫,1011,裹蜜虫,1011-裹蜜虫.png,1011-裹蜜虫-shiny.png
1012_斯魔茶,1012,斯魔茶,1012-斯魔茶.png,1012-斯魔茶-shiny.png
1012_斯魔茶-冒牌货的样子,1012,斯魔茶-冒牌货的样子,1012-斯魔茶-冒牌货的样子.png,1012-斯魔茶-冒牌货的样子-shiny.png
1012_斯魔茶-高档货的样子,1012,斯魔茶-高档货的样子,1012-斯魔茶-高档货的样子.png,1012-斯魔茶-高档货的样子-shiny.png
1013_来悲粗茶,1013,来悲粗茶,1013-来悲粗茶.png,1013-来悲粗茶-shiny.png
1013_来悲粗茶-凡作的样子,1013,来悲粗茶-凡作的样子,1013-来悲粗茶-凡作的样子.png,1013-来悲粗茶-凡作的样子-shiny.png
1013_来悲粗茶-杰作的样子,1013,来悲粗茶-杰作的样子,1013-来悲粗茶-杰作的样子.png,1013-来悲粗茶-杰作的样子-shiny.png
1014_够赞狗,1014,够赞狗,1014-够赞狗.png,1014-够赞狗-shiny.png
1015_愿增猿,1015,愿增猿,1015-愿增猿.png,1015-愿增猿-shiny.png
1016_吉雉鸡,1016,吉雉鸡,1016-吉雉鸡.png,1016-吉雉鸡-shiny.png
1017_厄诡椪-碧草面具,1017,厄诡椪-碧草面具,1017-厄诡椪-碧草面具.png,1017-厄诡椪-碧草面具-shiny.png
1017_厄诡椪-火灶面具,1017,厄诡椪-火灶面具,1017-厄诡椪-火灶面具.png,1017-厄诡椪-火灶面具-shiny.png
1017_厄诡椪-水井面具,1017,厄诡椪-水井面具,1017-厄诡椪-水井面具.png,1017-厄诡椪-水井面具-shiny.png
1017_厄诡椪-础石面具,1017,厄诡椪-础石面具,1017-厄诡椪-础石面具.png,1017-厄诡椪-础石面具-shiny.png
1018_铝钢桥龙,1018,铝钢桥龙,1018-铝钢桥龙.png,1018-铝钢桥龙-shiny.png
1019_蜜集大蛇,1019,蜜集大蛇,1019-蜜集大蛇.png,1019-蜜集大蛇-shiny.png
1020_破空焰,1020,破空焰,1020-破空焰.png,1020-破空焰-shiny.png
1021_猛雷鼓,1021,猛雷鼓,1021-猛雷鼓.png,1021-猛雷鼓-shiny.png
1022_铁磐岩,1022,铁磐岩,1022-铁磐岩.png,1022-铁磐岩-shiny.png
1023_铁头壳,1023,铁头壳,1023-铁头壳.png,1023-铁头壳-shiny.png
1024_太乐巴戈斯-普通形态,1024,太乐巴戈斯-普通形态,1024-太乐巴戈斯-普通形态.png,1024-太乐巴戈斯-普通形态-shiny.png
1024_太乐巴戈斯-太晶形态,1024,太乐巴戈斯-太晶形态,1024-太乐巴戈斯-太晶形态.png,1024-太乐巴戈斯-太晶形态-shiny.png
1024_太乐巴戈斯-星晶形态,1024,太乐巴戈斯-星晶形态,1024-太乐巴戈斯-星晶形态.png,1024-太乐巴戈斯-星晶形态-shiny.png
1025_桃歹郎,1025,桃歹郎,1025-桃歹郎.png,1025-桃歹郎-shiny.png
